{"train_loss": [5.727338499493069, 4.403031534618801, 4.059622353977627, 3.901827481057909, 3.6906636158625283, 3.5638033151626587, 3.432688938246833, 3.308842658996582, 3.2510033580991955, 3.1163058148490057, 3.0849442879358926, 2.9631912178463407, 2.8994460503260293, 2.8505070209503174, 2.767220457394918, 2.7333428859710693, 2.666478435198466, 2.6136873298221164, 2.5871026515960693, 2.4915446043014526, 2.483689228693644, 2.423392401801215, 2.3921822839313083, 2.3422427574793496, 2.3146093818876476, 2.307879911528693, 2.3596699370278253, 2.3162676758236356, 2.31925896803538, 2.3432193994522095, 2.474368519253201, 2.433353708850013, 2.3994041681289673, 2.3310581578148737, 2.23700307475196, 2.1315103239483304, 2.113457461198171, 2.0570247968037925, 1.9531395104196336, 1.9398772186703153, 1.8332333630985684, 1.7801287637816534, 1.6862300899293687, 1.6949375073115032, 1.6230300532446966, 1.6067137983110216, 1.5878144370185003, 1.5558334191640217, 1.5105090472433302, 1.4495937493112352, 1.4487012426058452, 1.4107305076387193, 1.3916738563113742, 1.375881963306003, 1.3678073154555426, 1.372923215230306, 1.324243638250563, 1.3737066520584955, 1.3450959391064115, 1.3205896947118971, 1.4598271052042644, 1.442498869366116, 1.4221586187680562, 1.3940568765004475, 1.3634006314807467, 1.3448342614703708, 1.3274901310602825, 1.252528534995185, 1.206266638305452, 1.1873979535367754, 1.1358850068516202, 1.106443789270189, 1.0804534521367815, 1.042734854751163, 1.0421887503729925, 1.0196501016616821, 0.9976417488522, 0.9461412363582187, 0.9276691410276625, 0.9006412559085422, 0.9005661341879103, 0.879127154747645, 0.8565975427627563, 0.8363967339197794, 0.8267764879597558, 0.8482522235976325, 0.8650678727361891, 0.8403155936135186, 0.7956034905380673, 0.8244621952374777, 0.9111732476287417, 0.9862673547532823, 0.9731355508168539, 0.9213838941521115, 0.9041586518287659, 0.8738940391275618, 0.8407033913665347, 0.8620306750138601, 0.7919568783707089, 0.8257841699653201, 0.773746112982432, 0.7926109035809835, 0.8004532059033712, 0.71417236328125, 0.7361911253796684, 0.669610857963562, 0.6631076534589132, 0.6815929710865021, 0.6754303839471605, 0.6552858485115899, 0.6359584960672591, 0.6001266406642066, 0.6102444993125068, 0.5820136103365157, 0.5738992641369501, 0.5833978950977325, 0.6003773477342393, 0.5541172474622726, 0.5723218950960371, 0.5697930190298293], "train_acc": [0.0234375, 0.05381944444444445, 0.07552083333333333, 0.08159722222222222, 0.09288194444444445, 0.10416666666666667, 0.1232638888888889, 0.1267361111111111, 0.14322916666666666, 0.16927083333333334, 0.1640625, 0.2013888888888889, 0.22395833333333334, 0.24913194444444445, 0.24913194444444445, 0.24739583333333334, 0.265625, 0.2847222222222222, 0.2847222222222222, 0.3220486111111111, 0.3107638888888889, 0.3315972222222222, 0.3454861111111111, 0.3559027777777778, 0.3784722222222222, 0.3828125, 0.3723958333333333, 0.3689236111111111, 0.3671875, 0.3680555555555556, 0.3220486111111111, 0.3177083333333333, 0.3567708333333333, 0.3567708333333333, 0.3845486111111111, 0.4123263888888889, 0.4270833333333333, 0.4192708333333333, 0.4670138888888889, 0.4505208333333333, 0.515625, 0.5052083333333334, 0.5390625, 0.5295138888888888, 0.5668402777777778, 0.5607638888888888, 0.5737847222222222, 0.5928819444444444, 0.5946180555555556, 0.6371527777777778, 0.6180555555555556, 0.6267361111111112, 0.6345486111111112, 0.6553819444444444, 0.6588541666666666, 0.6440972222222222, 0.6649305555555556, 0.6527777777777778, 0.6640625, 0.6657986111111112, 0.6006944444444444, 0.6111111111111112, 0.6223958333333334, 0.6215277777777778, 0.6276041666666666, 0.6467013888888888, 0.6536458333333334, 0.6796875, 0.6875, 0.6875, 0.7057291666666666, 0.7491319444444444, 0.7282986111111112, 0.7387152777777778, 0.7404513888888888, 0.7630208333333334, 0.7560763888888888, 0.7951388888888888, 0.7899305555555556, 0.7951388888888888, 0.8055555555555556, 0.8133680555555556, 0.8272569444444444, 0.8194444444444444, 0.8289930555555556, 0.8263888888888888, 0.8255208333333334, 0.8263888888888888, 0.8480902777777778, 0.8307291666666666, 0.7873263888888888, 0.7699652777777778, 0.7682291666666666, 0.7725694444444444, 0.7951388888888888, 0.8116319444444444, 0.8185763888888888, 0.8029513888888888, 0.8359375, 0.8211805555555556, 0.8342013888888888, 0.8289930555555556, 0.8289930555555556, 0.8697916666666666, 0.8585069444444444, 0.8732638888888888, 0.8706597222222222, 0.8680555555555556, 0.875, 0.8784722222222222, 0.8888888888888888, 0.9105902777777778, 0.9010416666666666, 0.9045138888888888, 0.9184027777777778, 0.9192708333333334, 0.9184027777777778, 0.9244791666666666, 0.9262152777777778, 0.9175347222222222], "val_clip_acc": [0.02, 0.02, 0.02, 0.0675, 0.1125, 0.0875, 0.1375, 0.145, 0.155, 0.1725, 0.1775, 0.225, 0.1925, 0.2125, 0.235, 0.23, 0.2125, 0.265, 0.2675, 0.245, 0.285, 0.2525, 0.28, 0.28, 0.2725, 0.2725, 0.2825, 0.2875, 0.27, 0.2825, 0.255, 0.245, 0.25, 0.2575, 0.2725, 0.29, 0.2875, 0.3025, 0.31, 0.305, 0.32, 0.325, 0.33, 0.325, 0.35, 0.3425, 0.3625, 0.34, 0.34, 0.35, 0.355, 0.3525, 0.365, 0.3725, 0.365, 0.365, 0.365, 0.365, 0.3625, 0.3675, 0.325, 0.3575, 0.3675, 0.3775, 0.3675, 0.3575, 0.36, 0.37, 0.3725, 0.375, 0.37, 0.3875, 0.4, 0.395, 0.3925, 0.425, 0.4125, 0.42, 0.4325, 0.4125, 0.42, 0.4175, 0.4275, 0.415, 0.425, 0.415, 0.4325, 0.4275, 0.42, 0.415, 0.4, 0.41, 0.405, 0.4275, 0.3275, 0.41, 0.405, 0.425, 0.4, 0.425, 0.4325, 0.415, 0.425, 0.415, 0.45, 0.42, 0.44, 0.465, 0.445, 0.4625, 0.465, 0.475, 0.4625, 0.46, 0.4675, 0.4675, 0.4725, 0.47, 0.465, 0.465]}