{"train_loss": [4.102934053965977, 2.634744507925851, 2.291231768471854, 1.9272094454084123, 1.8189742394856043, 1.5762232542037964, 1.5557035207748413, 1.572073987552098, 1.426674587385995, 1.3846242598124914, 1.2286326374326433, 1.3981743199484689, 1.2774887084960938, 1.262437573501042, 1.2877224343163627, 1.1860276290348597, 1.1484419448035104, 1.262832590511867, 1.1885639684540885, 1.0836999671799796, 1.052918323448726, 1.1206443650381905, 1.088136681488582, 1.0232264229229517, 1.1156240020479475, 1.040628433227539, 1.0426975658961706, 1.0541928325380598, 1.0689007214137487, 1.08395539862769, 1.0861909985542297, 1.17410113130297, 1.1717807820865087, 1.0406404733657837, 1.0815691947937012, 1.1661393301827567, 1.0234386920928955, 1.0934913754463196, 0.8158568654741559, 1.026368532861982, 0.8808169535228184, 0.8833758916173663, 0.8122737663132804, 0.937774794442313, 0.869715120111193, 0.9299095783914838, 0.853085322039468, 0.8576646447181702, 0.867439763886588, 0.7401142971856254, 0.8850561806133815, 0.7081685066223145, 0.7826396141733442, 0.8455431205885751, 0.7153990694454738, 0.7054949573108128, 0.7419454029628209, 0.6929826182978494, 0.7230343648365566, 0.7694744638034275, 0.7951889634132385, 0.7756304740905762, 0.8165477343967983, 0.8006065998758588, 0.7755225641386849, 0.7324473346982684, 0.7128398248127529, 0.7824000886508397, 0.7239202346120562, 0.6953503148896354, 0.7609354427882603, 0.7399689214570182, 0.6525947281292507, 0.5973469487258366, 0.68638334103993, 0.6739251869065421, 0.531214735337666, 0.6397304449762616, 0.606007490839277, 0.5909606558935983, 0.531753386769976, 0.5608009951455253, 0.5424805283546448, 0.5471912409578051, 0.524992470230375, 0.5901940081800733, 0.539877393415996, 0.5004839982305255, 0.5411254337855748, 0.5909946816308158, 0.5895437725952694, 0.5327946713992527, 0.5955776189054761, 0.5718605177743095, 0.6034336175237384, 0.603479266166687, 0.6949927168233054, 0.5681480467319489, 0.623344327722277, 0.49251921262059895, 0.586998632975987, 0.570072740316391, 0.5185579827853611, 0.47172967876706806, 0.456301178250994, 0.5625232543264117, 0.5277590879372188, 0.4626172993864332, 0.5028623342514038, 0.3631318850176675, 0.4869537992136819, 0.5028148634093148, 0.44570677621023996, 0.42473168884004864, 0.4812908555780138, 0.4537903921944754, 0.4004177323409489, 0.407814804996763, 0.434078437941415, 0.4798242151737213], "train_acc": [0.09821428571428571, 0.22767857142857142, 0.29464285714285715, 0.3705357142857143, 0.3794642857142857, 0.48660714285714285, 0.45982142857142855, 0.48660714285714285, 0.5133928571428571, 0.5625, 0.6071428571428571, 0.5446428571428571, 0.5491071428571429, 0.5625, 0.5892857142857143, 0.6383928571428571, 0.6517857142857143, 0.6294642857142857, 0.5848214285714286, 0.625, 0.6651785714285714, 0.65625, 0.6294642857142857, 0.6205357142857143, 0.6473214285714286, 0.6741071428571429, 0.7008928571428571, 0.6428571428571429, 0.6294642857142857, 0.6428571428571429, 0.6696428571428571, 0.6205357142857143, 0.6473214285714286, 0.6428571428571429, 0.6428571428571429, 0.6607142857142857, 0.6651785714285714, 0.6517857142857143, 0.7678571428571429, 0.7008928571428571, 0.6741071428571429, 0.6964285714285714, 0.7053571428571429, 0.7053571428571429, 0.7276785714285714, 0.7232142857142857, 0.7276785714285714, 0.7455357142857143, 0.7008928571428571, 0.7991071428571429, 0.71875, 0.8035714285714286, 0.78125, 0.7321428571428571, 0.78125, 0.7901785714285714, 0.7901785714285714, 0.7946428571428571, 0.8125, 0.78125, 0.7678571428571429, 0.7857142857142857, 0.7723214285714286, 0.7455357142857143, 0.7633928571428571, 0.78125, 0.78125, 0.7901785714285714, 0.8080357142857143, 0.8035714285714286, 0.7589285714285714, 0.7633928571428571, 0.78125, 0.84375, 0.8169642857142857, 0.8258928571428571, 0.8392857142857143, 0.8303571428571429, 0.8125, 0.8616071428571429, 0.8616071428571429, 0.875, 0.8705357142857143, 0.8705357142857143, 0.8616071428571429, 0.8526785714285714, 0.8303571428571429, 0.8839285714285714, 0.8616071428571429, 0.8616071428571429, 0.8571428571428571, 0.8705357142857143, 0.8392857142857143, 0.8660714285714286, 0.8392857142857143, 0.8303571428571429, 0.8125, 0.8482142857142857, 0.8526785714285714, 0.875, 0.8705357142857143, 0.84375, 0.8794642857142857, 0.9151785714285714, 0.8973214285714286, 0.8482142857142857, 0.8883928571428571, 0.90625, 0.8973214285714286, 0.9285714285714286, 0.8794642857142857, 0.8705357142857143, 0.9017857142857143, 0.8883928571428571, 0.90625, 0.8973214285714286, 0.9285714285714286, 0.9196428571428571, 0.9151785714285714, 0.9107142857142857], "val_clip_acc": [0.1, 0.1, 0.1, 0.1, 0.1, 0.1, 0.1, 0.1, 0.1875, 0.425, 0.45, 0.45, 0.5375, 0.5375, 0.525, 0.5, 0.5375, 0.55, 0.5, 0.5125, 0.525, 0.5375, 0.5375, 0.5, 0.5125, 0.525, 0.55, 0.525, 0.5375, 0.5375, 0.5625, 0.4625, 0.5125, 0.4625, 0.575, 0.475, 0.5, 0.5875, 0.55, 0.525, 0.5875, 0.6125, 0.5875, 0.525, 0.5625, 0.5875, 0.575, 0.6125, 0.5375, 0.575, 0.5875, 0.6125, 0.5875, 0.5875, 0.5875, 0.6, 0.6125, 0.5875, 0.5875, 0.5875, 0.575, 0.6, 0.6, 0.6375, 0.6, 0.6, 0.625, 0.6, 0.5875, 0.625, 0.5625, 0.5375, 0.6, 0.65, 0.625, 0.6125, 0.6625, 0.6625, 0.6, 0.6, 0.625, 0.5875, 0.6, 0.5875, 0.5875, 0.575, 0.6, 0.5875, 0.5875, 0.5875, 0.575, 0.5625, 0.625, 0.625, 0.6375, 0.65, 0.575, 0.6875, 0.65, 0.6375, 0.7, 0.6875, 0.6375, 0.6375, 0.7, 0.6875, 0.6875, 0.7125, 0.675, 0.65, 0.6375, 0.6625, 0.6875, 0.6625, 0.6625, 0.675, 0.675, 0.675, 0.675, 0.6875]}