{"train_loss": [1.9712139967226696, 1.1906294269476108, 1.0737403019995033, 0.98135093831552, 0.9476836565770432, 0.9296849229913986, 0.9008725227977701, 0.8727613511958165, 0.8561024295757274, 0.8706275548362089, 0.9188083586935512, 0.8987606513553751, 0.8681666254997253, 0.8832919892972101, 0.864202013585025, 0.836853642328949, 0.822138430026477, 0.8142557784379599, 0.7924720594313687, 0.7948320909531531, 0.8513542669128158, 0.8328012848373302, 0.8354055481756518, 0.8252301566793533, 0.8144436968702399, 0.8165036901430098, 0.7806633514112341, 0.7708572699370498, 0.7828511739383914, 0.7708210800356137], "train_acc": [0.281811377245509, 0.5044325411676647, 0.5800196482035929, 0.6347539296407185, 0.6579926085329342, 0.6654191616766467, 0.6777694610778443, 0.6969264595808383, 0.7018852919161677, 0.7005169348802395, 0.6747052769461078, 0.6918272829341318, 0.7075107597305389, 0.7046453967065869, 0.7097796594311377, 0.7257555202095808, 0.7343633046407185, 0.7473685441616766, 0.752327376497006, 0.7497777881736527, 0.723860872005988, 0.7331119011976048, 0.7293693862275449, 0.7390765344311377, 0.7444680950598802, 0.7460586639221557, 0.7547483158682635, 0.7593562874251497, 0.7644320733532934, 0.7670284431137725], "val_clip_acc": [0.38695307859829736, 0.6960997822213423, 0.7490595921599683, 0.7893486438329044, 0.8134032864779251, 0.8309245693921996, 0.835775094040784, 0.8476539299148683, 0.8505246485844388, 0.8502276776875867, 0.8410215798851712, 0.8478519105127698, 0.8636903583448822, 0.8701247277766779, 0.8737873688378539, 0.8802217382696496, 0.8862601465056424, 0.8836863987329242, 0.8908137002573748, 0.8931894674321916, 0.8826964957434171, 0.8885369233815086, 0.8906157196594734, 0.8943773510196, 0.9008117204513958, 0.8996238368639873, 0.9047713324094239, 0.9048703227083745, 0.9078400316768956, 0.907741041377945]}