{"train_loss": [3.860346930367606, 2.9767516681126187, 2.515782560620989, 2.0500810146331787, 1.9452845028468542, 1.758272613797869, 1.7397977113723755, 1.687223025730678, 1.6431689602988107, 1.3818609033312117, 1.4404462746211462, 1.4345048325402396, 1.2922268084117345, 1.2695722665105547, 1.2498204026903426, 1.2794923101152693, 1.2289867741721017, 1.2916809065001351, 1.1042851550238473, 1.0831290142876762, 1.0809656892504012, 1.1605085560253687, 1.1898043666567122, 1.1547431434903825, 1.1987123659678869, 1.0925979443958826, 1.0200996824673243, 1.124869934150151, 1.077047892979213, 1.0596481135913305, 1.1389565978731429, 1.2219089014189584, 1.1841673510415214, 1.0824426412582397, 1.0732247573988778, 1.1958216513906206, 1.0600436329841614, 0.9839713403156826, 0.9951773541314262, 0.9820849554879325, 1.0209878597940718, 0.8407498002052307, 0.9966199568339756, 0.8712752291134426, 0.849670376096453, 0.879065215587616, 0.9202822957720075, 0.8579668913568769, 0.8361594080924988, 0.9469492180006844, 0.7132763011114938, 0.7589958310127258, 0.8058664117540631, 0.766683931861605, 0.8157689230782645, 0.6928765646048954, 0.7758526716913495, 0.759468308516911, 0.8361172846385411, 0.8118824788502285, 0.8156811169215611, 0.8413250531469073, 0.8158055458750043, 0.7533630899020604, 0.8647127066339765, 0.7108985526221139, 0.7910652330943516, 0.6588975787162781, 0.7057091508592878, 0.6951074344771249, 0.7299296004431588, 0.669445948941367, 0.734371943133218, 0.5659494314874921, 0.6393978936331612, 0.7654770229543958, 0.7474864636148725, 0.6789039373397827, 0.6298207512923649, 0.5735633032662528, 0.6327875597136361, 0.6495604685374669, 0.6475420764514378, 0.6761166708809989, 0.6912698575428554, 0.5056922308036259, 0.5205497443675995, 0.5101731291839054, 0.4783267506531307, 0.5802148282527924, 0.5161186967577253, 0.5330218715327126, 0.630002851997103, 0.6288636837686811, 0.6011584401130676, 0.5967330719743457, 0.5387197307177952, 0.6008184211594718, 0.5328364542552403, 0.5160973029477256, 0.5386223580156054, 0.5235925657408578, 0.5470664203166962, 0.5190966640199933, 0.5058103884969439, 0.5493743334497724, 0.44626584223338533, 0.5081420881407601, 0.4679877204554422, 0.4582852465765817, 0.4673477964741843, 0.5100599101611546, 0.47434912834848675, 0.4360941307885306, 0.492742304291044, 0.4136145327772413, 0.4357802782739912, 0.36411869525909424, 0.38684806653431486, 0.41927594372204374], "train_acc": [0.11607142857142858, 0.19196428571428573, 0.27232142857142855, 0.33482142857142855, 0.3482142857142857, 0.41964285714285715, 0.41964285714285715, 0.4330357142857143, 0.4732142857142857, 0.5044642857142857, 0.5, 0.5133928571428571, 0.5401785714285714, 0.5803571428571429, 0.53125, 0.5491071428571429, 0.5714285714285714, 0.5758928571428571, 0.6428571428571429, 0.6205357142857143, 0.6116071428571429, 0.5982142857142857, 0.6026785714285714, 0.6026785714285714, 0.5892857142857143, 0.625, 0.6428571428571429, 0.5982142857142857, 0.6205357142857143, 0.6607142857142857, 0.5758928571428571, 0.6294642857142857, 0.5580357142857143, 0.6607142857142857, 0.6741071428571429, 0.5982142857142857, 0.6205357142857143, 0.6830357142857143, 0.7008928571428571, 0.6875, 0.6651785714285714, 0.7455357142857143, 0.6696428571428571, 0.71875, 0.7410714285714286, 0.7366071428571429, 0.7098214285714286, 0.7455357142857143, 0.7678571428571429, 0.71875, 0.7901785714285714, 0.8035714285714286, 0.7633928571428571, 0.75, 0.7589285714285714, 0.8169642857142857, 0.7767857142857143, 0.7723214285714286, 0.7232142857142857, 0.7455357142857143, 0.7321428571428571, 0.7232142857142857, 0.7410714285714286, 0.78125, 0.7053571428571429, 0.7991071428571429, 0.78125, 0.8348214285714286, 0.7991071428571429, 0.8482142857142857, 0.7946428571428571, 0.8125, 0.7946428571428571, 0.8616071428571429, 0.8125, 0.7767857142857143, 0.7901785714285714, 0.8303571428571429, 0.8526785714285714, 0.8526785714285714, 0.8303571428571429, 0.7991071428571429, 0.8303571428571429, 0.8080357142857143, 0.8035714285714286, 0.8705357142857143, 0.8571428571428571, 0.8660714285714286, 0.8973214285714286, 0.8526785714285714, 0.8883928571428571, 0.8348214285714286, 0.8303571428571429, 0.8080357142857143, 0.8035714285714286, 0.8705357142857143, 0.8571428571428571, 0.8392857142857143, 0.8482142857142857, 0.8883928571428571, 0.8839285714285714, 0.875, 0.8705357142857143, 0.8660714285714286, 0.8928571428571429, 0.875, 0.8883928571428571, 0.8883928571428571, 0.90625, 0.9017857142857143, 0.8973214285714286, 0.8883928571428571, 0.8839285714285714, 0.9017857142857143, 0.8928571428571429, 0.9375, 0.8973214285714286, 0.9285714285714286, 0.9285714285714286, 0.9196428571428571], "val_clip_acc": [0.1, 0.1, 0.1, 0.1, 0.1, 0.0875, 0.1, 0.1, 0.225, 0.3625, 0.4375, 0.4625, 0.5, 0.6, 0.475, 0.55, 0.475, 0.5, 0.525, 0.5, 0.5375, 0.5625, 0.5375, 0.4875, 0.525, 0.5125, 0.5375, 0.525, 0.5375, 0.5625, 0.5375, 0.575, 0.5875, 0.6125, 0.5375, 0.6125, 0.575, 0.625, 0.525, 0.5375, 0.625, 0.6375, 0.575, 0.5875, 0.6375, 0.6, 0.6375, 0.6, 0.6625, 0.7, 0.7125, 0.65, 0.6125, 0.65, 0.6875, 0.6875, 0.6625, 0.65, 0.675, 0.65, 0.65, 0.575, 0.6625, 0.5625, 0.5875, 0.6375, 0.6125, 0.625, 0.65, 0.65, 0.625, 0.625, 0.6625, 0.625, 0.625, 0.7125, 0.6375, 0.65, 0.725, 0.7375, 0.675, 0.6375, 0.625, 0.7125, 0.7, 0.7, 0.675, 0.7, 0.6625, 0.6625, 0.65, 0.6875, 0.6375, 0.6625, 0.6125, 0.6375, 0.675, 0.65, 0.65, 0.625, 0.6125, 0.65, 0.65, 0.6625, 0.6125, 0.7, 0.725, 0.6625, 0.6875, 0.7125, 0.675, 0.6625, 0.6875, 0.725, 0.7, 0.7125, 0.7125, 0.7, 0.7, 0.725]}