{"train_loss": [2.9183935202934124, 2.1505349190146834, 1.9330294617900141, 1.7058130657231365, 1.5335571059474238, 1.4272126031142693, 1.3754597786400053, 1.3248086041874356, 1.2626357470397596, 1.291974413726065, 1.1582903519824699, 1.2127291731260441, 1.1874641593959596, 1.2923365941754095, 1.2783666429696259, 1.2218704322973888, 1.1381127431436822, 1.0579023797202993, 1.1327133857541614, 1.0015947112330683, 0.9822306362567125, 1.066914693624885, 0.9588942671263659, 0.9242168267567953, 0.8809051309470777, 0.929834759897656, 1.0530034988014787, 1.0086340705553691, 1.0713799253658012, 1.0099511554947607, 0.989045927370036, 0.9356116693880823, 0.9295644616639173, 0.924083434873157, 0.8677417486906052, 0.7928740914773058, 0.9056140885308936, 0.7607124836908447, 0.8295337590906355, 0.9467361552847756, 0.8911435924194477, 0.9351172135383995, 0.8661981277443744, 0.8433183627548041, 0.8388435708151923, 0.8655784050071681, 0.8796292935256604, 0.7061029316650497, 0.7932731928648772, 0.8660287341033971], "train_acc": [0.1517650462962963, 0.22034143518518517, 0.2977430555555556, 0.3655960648148148, 0.38353587962962965, 0.44921875, 0.4419849537037037, 0.47511574074074076, 0.4888599537037037, 0.5043402777777778, 0.5053530092592593, 0.49710648148148145, 0.5292245370370371, 0.48336226851851855, 0.4700520833333333, 0.4496527777777778, 0.5311053240740741, 0.5241608796296297, 0.5339988425925926, 0.5196759259259259, 0.5843460648148148, 0.5931712962962963, 0.5640914351851852, 0.6025752314814815, 0.6497395833333334, 0.5957754629629629, 0.5331307870370371, 0.5416666666666666, 0.5616319444444444, 0.5548321759259259, 0.5587384259259259, 0.5338541666666666, 0.6468460648148148, 0.5928819444444444, 0.5927372685185185, 0.5975115740740741, 0.6481481481481481, 0.6053240740740741, 0.6232638888888888, 0.5753761574074074, 0.6030092592592593, 0.5707465277777778, 0.5860821759259259, 0.6399016203703703, 0.6095196759259259, 0.5736400462962963, 0.5603298611111112, 0.6051793981481481, 0.6391782407407407, 0.6001157407407407], "val_clip_acc": [0.11261261261261261, 0.11261261261261261, 0.11261261261261261, 0.11261261261261261, 0.11261261261261261, 0.11261261261261261, 0.11373873873873874, 0.08896396396396396, 0.11824324324324324, 0.18243243243243243, 0.2713963963963964, 0.3344594594594595, 0.38288288288288286, 0.42567567567567566, 0.46621621621621623, 0.49436936936936937, 0.509009009009009, 0.5281531531531531, 0.5382882882882883, 0.543918918918919, 0.5551801801801802, 0.5653153153153153, 0.5777027027027027, 0.5855855855855856, 0.5754504504504504, 0.5754504504504504, 0.5788288288288288, 0.5844594594594594, 0.579954954954955, 0.5945945945945946, 0.5912162162162162, 0.5968468468468469, 0.5968468468468469, 0.6002252252252253, 0.6002252252252253, 0.6024774774774775, 0.6024774774774775, 0.6092342342342343, 0.6081081081081081, 0.6081081081081081, 0.6148648648648649, 0.6036036036036037, 0.6193693693693694, 0.6261261261261262, 0.6283783783783784, 0.6295045045045045, 0.6295045045045045, 0.6317567567567568, 0.6272522522522522, 0.6261261261261262]}