{"train_loss": [3.712921619415283, 2.649578881263733, 2.228158342838287, 1.9295549154281617, 1.6823545575141907, 1.5856393933296205, 1.7480276226997375, 1.4789662480354309, 1.49356507062912, 1.3585649013519288, 1.313710081577301, 1.235599195957184, 1.2289766073226929, 1.2351378798484802, 1.243126791715622, 1.1482627630233764, 1.14532031416893, 1.138619250059128, 1.0973888039588928, 1.0610159456729888, 1.0183610320091248, 1.1000795423984528, 0.9840488374233246, 1.042014867067337, 0.9581613838672638, 0.9715692937374115, 0.933820241689682, 0.9264182984828949, 0.9845448493957519, 0.9299360692501069, 1.088124942779541, 1.0647970497608186, 1.102293574810028, 0.9977669537067413, 1.065957647562027, 1.038852995634079, 0.9571645975112915, 0.9052597939968109, 0.9225572526454926, 0.9426446795463562, 0.9184009015560151, 0.8345560014247895, 0.8297320514917373, 0.7498686015605927, 0.8380513072013855, 0.7377737879753112, 0.6954495996236801, 0.7348064541816711, 0.7212974637746811, 0.7606407821178436, 0.8036228597164154, 0.6559301763772964, 0.6797942221164703, 0.6422144830226898, 0.6504386365413666, 0.6753985583782196, 0.584349763393402, 0.6533003628253937, 0.5654467880725861, 0.6264192044734955, 0.7112182408571244, 0.8014799892902374, 0.6570818603038788, 0.6821231126785279, 0.7141044855117797, 0.7095383822917938, 0.6813748300075531, 0.7663005352020263, 0.6245335638523102, 0.6496624410152435, 0.6233270585536956, 0.731650447845459, 0.6203794121742249, 0.6717543601989746, 0.633447888493538, 0.5555792868137359, 0.5648766398429871, 0.6084321588277817, 0.5833919465541839, 0.5284163534641266, 0.5183113873004913, 0.508782622218132, 0.494151183962822, 0.5124413520097733, 0.4984035938978195, 0.4948223114013672, 0.44987463355064394, 0.43964647352695463, 0.5118252545595169, 0.5208906590938568, 0.4824033588171005, 0.5298791259527207, 0.5472717046737671, 0.5566528916358948, 0.47474746108055116, 0.5150764107704162, 0.5525222092866897, 0.5657542377710343, 0.4663000613451004, 0.4904846608638763, 0.4716162770986557, 0.5402277559041977, 0.476660817861557, 0.42330617308616636, 0.415871798992157, 0.41321890652179716, 0.44330417513847353, 0.47974823117256166, 0.4226421624422073, 0.4180140346288681, 0.3928882643580437, 0.48318977653980255, 0.4461712270975113, 0.4002208590507507, 0.3745435863733292, 0.353117573261261, 0.3629474103450775, 0.38849387168884275, 0.37733981013298035, 0.44083288609981536], "train_acc": [0.115625, 0.2375, 0.33125, 0.396875, 0.403125, 0.4875, 0.484375, 0.5125, 0.503125, 0.54375, 0.5125, 0.596875, 0.578125, 0.6, 0.584375, 0.6, 0.634375, 0.6375, 0.621875, 0.64375, 0.659375, 0.64375, 0.646875, 0.628125, 0.7, 0.6625, 0.7, 0.690625, 0.665625, 0.715625, 0.646875, 0.64375, 0.6625, 0.65625, 0.671875, 0.6125, 0.690625, 0.71875, 0.7, 0.709375, 0.7125, 0.740625, 0.75625, 0.784375, 0.76875, 0.796875, 0.790625, 0.78125, 0.784375, 0.78125, 0.775, 0.81875, 0.815625, 0.828125, 0.81875, 0.8125, 0.85625, 0.809375, 0.846875, 0.821875, 0.834375, 0.784375, 0.796875, 0.796875, 0.8125, 0.8125, 0.825, 0.76875, 0.821875, 0.834375, 0.821875, 0.778125, 0.83125, 0.815625, 0.825, 0.853125, 0.8625, 0.825, 0.840625, 0.871875, 0.884375, 0.878125, 0.909375, 0.871875, 0.878125, 0.890625, 0.896875, 0.91875, 0.871875, 0.85625, 0.890625, 0.871875, 0.875, 0.846875, 0.90625, 0.859375, 0.859375, 0.875, 0.903125, 0.88125, 0.8875, 0.8625, 0.896875, 0.915625, 0.890625, 0.9, 0.909375, 0.8875, 0.909375, 0.90625, 0.925, 0.896875, 0.890625, 0.909375, 0.9375, 0.925, 0.925, 0.915625, 0.93125, 0.896875], "val_clip_acc": [null, null, null, null, null, null, null, null, null, null, null, null, null, null, null, null, null, null, null, null, null, null, null, null, null, null, null, null, null, null, null, null, null, null, null, null, null, null, null, null, null, null, null, null, null, null, null, null, null, null, null, null, null, null, null, null, null, null, null, null, null, null, null, null, null, null, null, null, null, null, null, null, null, null, null, null, null, null, null, null, null, null, null, null, null, null, null, null, null, null, null, null, null, null, null, null, null, null, null, null, null, null, null, null, null, null, null, null, null, null, null, null, null, null, null, null, null, null, null, null]}