{"train_loss": [2.8538403489372945, 2.204244478182359, 1.934540937163613, 1.6887916792522777, 1.5295183051716197, 1.4623199880123139, 1.4087562653151426, 1.293334742567756, 1.2455030278726058, 1.207086280259219, 1.2226024345918136, 1.1876704053445295, 1.1798320185054432, 1.320042126828974, 1.201027696241032, 1.2078448176383971, 1.2307838001034477, 1.1157348280603236, 1.071332360939546, 1.009367054158991, 0.9938345941630277, 0.9888393542983315, 1.0174416948448528, 0.9408382819457488, 0.920295850797133, 0.9054392256520011, 1.0458535649559715, 1.009713974866, 0.9994997089559382, 1.0330827978524295, 0.9455020552331751, 0.9487067826769569, 0.8791340096430345, 0.9180656763640317, 0.9021524702960795, 0.8462575706568631, 0.8168550136414441, 0.8202656976201318, 0.8103130595250563, 0.8996374829248949, 0.8849020394411954, 0.9932800124992024, 0.8985042043707587, 0.9307188554243608, 0.8131484419107438, 0.7877660385586999, 0.8261415868997574, 0.7972677312114022, 0.795052586089481, 0.7740427572618831], "train_acc": [0.18678977272727273, 0.24943181818181817, 0.2928977272727273, 0.3625, 0.3890625, 0.4171875, 0.4582386363636364, 0.5044034090909091, 0.5356534090909091, 0.5200284090909091, 0.5443181818181818, 0.559375, 0.5234375, 0.5110795454545455, 0.5053977272727272, 0.5191761363636364, 0.5269886363636364, 0.5582386363636364, 0.5676136363636364, 0.5707386363636363, 0.571875, 0.626278409090909, 0.6268465909090909, 0.6353693181818182, 0.6211647727272728, 0.6409090909090909, 0.6085227272727273, 0.5842329545454545, 0.5907670454545455, 0.5954545454545455, 0.6007102272727273, 0.6355113636363636, 0.5992897727272727, 0.6482954545454546, 0.6782670454545454, 0.6830965909090909, 0.626278409090909, 0.6835227272727272, 0.6880681818181819, 0.6365056818181818, 0.6443181818181818, 0.6369318181818182, 0.6899147727272728, 0.6291193181818182, 0.7002840909090909, 0.6997159090909091, 0.7151988636363636, 0.6803977272727273, 0.6859375, 0.6943181818181818], "val_clip_acc": [0.11547344110854503, 0.04503464203233257, 0.04503464203233257, 0.04503464203233257, 0.04503464203233257, 0.04503464203233257, 0.04503464203233257, 0.04503464203233257, 0.04503464203233257, 0.09006928406466513, 0.1859122401847575, 0.3729792147806005, 0.4792147806004619, 0.4942263279445728, 0.5311778290993071, 0.5681293302540416, 0.5993071593533488, 0.6212471131639723, 0.6073903002309469, 0.6212471131639723, 0.6270207852193995, 0.6316397228637414, 0.6466512702078522, 0.6570438799076213, 0.6662817551963048, 0.6662817551963048, 0.651270207852194, 0.651270207852194, 0.6535796766743649, 0.6431870669745958, 0.6558891454965358, 0.6547344110854504, 0.6674364896073903, 0.6824480369515011, 0.6789838337182448, 0.6812933025404158, 0.674364896073903, 0.6766743648960739, 0.6732101616628176, 0.6812933025404158, 0.6859122401847575, 0.6812933025404158, 0.687066974595843, 0.7043879907621247, 0.7043879907621247, 0.7055427251732102, 0.707852193995381, 0.7136258660508084, 0.7066974595842956, 0.7043879907621247]}