{"train_loss": [2.922494910178928, 2.1904887289082238, 1.9833318498156487, 1.7526120756744246, 1.5986677900366826, 1.481389605670894, 1.4259594279691714, 1.3612700153928283, 1.2818209271912182, 1.234400558909145, 1.178610102845988, 1.1964493842299926, 1.1451157008836028, 1.0836534079061735, 1.1097091299678208, 1.0820989116616206, 0.9996510689411688, 1.0833399120820772, 1.080935532346778, 1.033369476095252, 0.9263581852300451, 1.0319582037969466, 0.9556385021690929, 0.9196005857318913, 0.9210137834242724, 1.096122837941581, 1.0976133734808056, 1.0660980010251386, 1.042701177093961, 1.0390877220608772, 0.9664631863252833, 0.927800299924448, 1.012705740031846, 0.937985553653962, 0.9083195607596581, 0.8991949014160612, 0.886294522416701, 0.8254447508295741, 0.8907720107551015, 0.8579448724011762, 0.8537455324186097, 0.8181365430355072, 0.9331673583306304, 0.8656894873588457, 0.8011933811213992, 0.8440104411282671, 0.7667248828695454, 0.8280604500836188, 0.7979265555329279, 0.794501491916289, 1.0062103657000656, 0.8212916771753118, 0.8321918530748524], "train_acc": [0.14521215596330275, 0.22978784403669725, 0.29974197247706424, 0.34088302752293576, 0.38087729357798167, 0.4231651376146789, 0.4192947247706422, 0.42517201834862384, 0.4677465596330275, 0.4865252293577982, 0.47606077981651373, 0.450401376146789, 0.4865252293577982, 0.5118979357798165, 0.5348337155963303, 0.5620699541284404, 0.5791284403669725, 0.5362672018348624, 0.5222190366972477, 0.5805619266055045, 0.5460149082568807, 0.5530389908256881, 0.6300172018348624, 0.6105217889908257, 0.5207855504587156, 0.5098910550458715, 0.5167717889908257, 0.5220756880733946, 0.5626433486238532, 0.5551892201834863, 0.5501720183486238, 0.5319667431192661, 0.555045871559633, 0.5741112385321101, 0.5342603211009175, 0.5713876146788991, 0.588302752293578, 0.6238532110091743, 0.6085149082568807, 0.6506594036697247, 0.5764048165137615, 0.6142488532110092, 0.6004873853211009, 0.6004873853211009, 0.6116685779816514, 0.6394782110091743, 0.5997706422018348, 0.5874426605504587, 0.5961869266055045, 0.6300172018348624, 0.5465883027522935, 0.6215596330275229, 0.6374713302752294], "val_clip_acc": [0.11316397228637413, 0.11547344110854503, 0.11547344110854503, 0.11547344110854503, 0.18013856812933027, 0.11547344110854503, 0.11662817551963048, 0.20438799076212472, 0.2066974595842956, 0.3279445727482679, 0.4006928406466513, 0.4780600461893764, 0.5508083140877598, 0.5993071593533488, 0.6443418013856813, 0.6812933025404158, 0.6939953810623557, 0.707852193995381, 0.7274826789838337, 0.7344110854503464, 0.73094688221709, 0.733256351039261, 0.733256351039261, 0.7378752886836027, 0.7401847575057737, 0.7205542725173211, 0.7217090069284064, 0.7124711316397229, 0.7055427251732102, 0.7124711316397229, 0.7136258660508084, 0.7136258660508084, 0.7240184757505773, 0.7182448036951501, 0.7066974595842956, 0.7136258660508084, 0.7193995381062356, 0.7170900692840647, 0.7193995381062356, 0.7182448036951501, 0.7240184757505773, 0.7228637413394919, 0.7205542725173211, 0.7240184757505773, 0.7193995381062356, 0.7090069284064665, 0.7136258660508084, 0.7205542725173211, 0.7228637413394919, 0.7217090069284064, 0.7217090069284064, 0.7124711316397229, 0.7170900692840647]}