{"train_loss": [3.3499174493330495, 2.4324232461275876, 2.087212989727656, 1.897387534379959, 1.7476326635590307, 1.6485510755468298, 1.5968764236679784, 1.5157617291918508, 1.4910516109731462, 1.488954844850081, 1.376822841388208, 1.4449956240477386, 1.411237680801639, 1.5284497572316065, 1.465904019497059, 1.42942458667137, 1.359069225412828, 1.327264099209397, 1.3429491210866857, 1.2142418882361166, 1.1798881491025288, 1.2537203817455858, 1.1674488043343578, 1.1159813680030681, 1.123217906113024, 1.1551693479220073, 1.2217047021344856, 1.2244940918904763, 1.2748697929912143, 1.209148085779614, 1.1629911545250151, 1.099264711693481, 1.1314224970561486, 1.1407177023313664, 1.042301148728088, 0.993983456382045, 1.0858500495001122, 0.9467968057703089, 1.0083964439453903, 1.0897039268855695, 1.0746954839538645, 1.108500364753935, 1.0855226737481576, 1.0346311187302624, 1.017343462065414, 1.0372678736845653, 1.0112440845480672, 0.8811105561477167, 0.9629528947450496, 0.9769058241336434], "train_acc": [0.15046296296296297, 0.20572916666666666, 0.2951388888888889, 0.3485243055555556, 0.36429398148148145, 0.42158564814814814, 0.4156539351851852, 0.45109953703703703, 0.46455439814814814, 0.47366898148148145, 0.4830729166666667, 0.4739583333333333, 0.49537037037037035, 0.44936342592592593, 0.44429976851851855, 0.4291087962962963, 0.49754050925925924, 0.48857060185185186, 0.5133101851851852, 0.4865451388888889, 0.5551215277777778, 0.5614872685185185, 0.5313946759259259, 0.5723379629629629, 0.62109375, 0.5681423611111112, 0.5118634259259259, 0.5172164351851852, 0.5325520833333334, 0.5296585648148148, 0.5406539351851852, 0.5095486111111112, 0.6212384259259259, 0.5626446759259259, 0.5716145833333334, 0.5771122685185185, 0.6206597222222222, 0.5795717592592593, 0.5972222222222222, 0.5632233796296297, 0.5759548611111112, 0.5389178240740741, 0.5633680555555556, 0.6145833333333334, 0.5842013888888888, 0.5614872685185185, 0.5458622685185185, 0.5762442129629629, 0.6189236111111112, 0.5769675925925926], "val_clip_acc": [0.11261261261261261, 0.11261261261261261, 0.11261261261261261, 0.11261261261261261, 0.11261261261261261, 0.18130630630630631, 0.16328828828828829, 0.18018018018018017, 0.23310810810810811, 0.28603603603603606, 0.32094594594594594, 0.36261261261261263, 0.3795045045045045, 0.42117117117117114, 0.46396396396396394, 0.4864864864864865, 0.4954954954954955, 0.5067567567567568, 0.5304054054054054, 0.5506756756756757, 0.5596846846846847, 0.5619369369369369, 0.5675675675675675, 0.5754504504504504, 0.579954954954955, 0.5788288288288288, 0.5720720720720721, 0.5664414414414415, 0.5867117117117117, 0.5912162162162162, 0.5731981981981982, 0.5765765765765766, 0.5844594594594594, 0.5822072072072072, 0.5923423423423423, 0.6036036036036037, 0.6092342342342343, 0.6193693693693694, 0.6193693693693694, 0.6103603603603603, 0.6036036036036037, 0.6047297297297297, 0.6103603603603603, 0.6126126126126126, 0.6081081081081081, 0.6081081081081081, 0.6137387387387387, 0.6171171171171171, 0.6216216216216216, 0.6227477477477478]}