{"train_loss": [2.8344120264053343, 2.2262812202627007, 1.8878369385545903, 1.7289971888065339, 1.5340770320458845, 1.3904989275065336, 1.3713778685439717, 1.3195189042524857, 1.258952828428962, 1.2617985151030802, 1.2086912193081596, 1.2181090571663595, 1.1918759882450103, 1.2495422493327748, 1.256397923556241, 1.1388666012070396, 1.193250415541909, 1.1900380806489423, 1.1366148585622962, 1.0388504082506353, 1.049677380377596, 0.9684354841709137, 1.0170173398473046, 0.9737852039662275, 0.9495701226321134, 1.0039275310256264, 1.0521018082445317, 1.10678688287735, 1.0771028350700032, 1.0696443005041643, 1.0618393418463794, 1.033423664894971, 0.9602790862321854, 0.9642145349220796, 0.9236375740983269, 0.968235375664451, 0.8894613019444726, 0.9285309293053366, 0.8719513096592643, 0.991529395905408, 1.0316833024675196, 0.9510903968052431, 0.9480339895595203, 0.9305419344793666, 0.9223900846459648, 0.8850775293328546, 0.8430929015983235, 0.8884207462722605, 0.8374531372026963, 0.8202905871651389], "train_acc": [0.16761363636363635, 0.21690340909090908, 0.2705965909090909, 0.31335227272727273, 0.3242897727272727, 0.3934659090909091, 0.41264204545454547, 0.41505681818181817, 0.45625, 0.3965909090909091, 0.4502840909090909, 0.4302556818181818, 0.44630681818181817, 0.4721590909090909, 0.40511363636363634, 0.48082386363636365, 0.4325284090909091, 0.47514204545454547, 0.5178977272727273, 0.5184659090909091, 0.4965909090909091, 0.5372159090909091, 0.5217329545454545, 0.5357954545454545, 0.5623579545454546, 0.49857954545454547, 0.47954545454545455, 0.48863636363636365, 0.4870738636363636, 0.4973011363636364, 0.48607954545454546, 0.5130681818181818, 0.5711647727272727, 0.5322443181818182, 0.5107954545454545, 0.5035511363636364, 0.5964488636363636, 0.5752840909090909, 0.5176136363636363, 0.5230113636363637, 0.5107954545454545, 0.5548295454545454, 0.50625, 0.5470170454545454, 0.5657670454545455, 0.569034090909091, 0.6109375, 0.5650568181818182, 0.5900568181818182, 0.5914772727272727], "val_clip_acc": [0.11316397228637413, 0.11547344110854503, 0.11547344110854503, 0.04503464203233257, 0.04503464203233257, 0.04503464203233257, 0.04503464203233257, 0.04503464203233257, 0.053117782909930716, 0.11778290993071594, 0.3233256351039261, 0.40877598152424943, 0.4618937644341801, 0.5277136258660509, 0.5508083140877598, 0.5900692840646651, 0.6120092378752887, 0.6200923787528868, 0.6478060046189377, 0.6547344110854504, 0.6593533487297921, 0.6581986143187067, 0.6778290993071594, 0.6755196304849884, 0.6812933025404158, 0.6836027713625866, 0.687066974595843, 0.6812933025404158, 0.6893764434180139, 0.6651270207852193, 0.6628175519630485, 0.684757505773672, 0.6928406466512702, 0.7009237875288684, 0.7043879907621247, 0.6905311778290993, 0.6905311778290993, 0.6951501154734411, 0.6928406466512702, 0.6939953810623557, 0.6836027713625866, 0.6882217090069284, 0.6836027713625866, 0.6789838337182448, 0.687066974595843, 0.6882217090069284, 0.6939953810623557, 0.6789838337182448, 0.6801385681293303, 0.6766743648960739]}