{"train_loss": [5.722070376078288, 4.338762720425923, 3.9356483353508844, 3.8378910885916815, 3.6638107432259455, 3.6142173608144126, 3.4535565111372204, 3.3635072973039417, 3.2159432305230036, 3.1570904784732394, 3.0572075181537204, 2.9992177221510143, 2.9321613709131875, 2.892108612590366, 2.765988310178121, 2.749545243051317, 2.6453500588734946, 2.6446717580159507, 2.5932790305879383, 2.5192735062705145, 2.5487654209136963, 2.465953654713101, 2.4872572554482355, 2.437498437033759, 2.359081122610304, 2.349976831012302, 2.44961150487264, 2.370349340968662, 2.3298594024446277, 2.397055917316013, 2.488994744088915, 2.4638517697652182, 2.42455526192983, 2.352440449926588, 2.358096056514316, 2.216989907953474, 2.196653677357568, 2.10447276963128, 1.9879955318239, 1.9392873578601413, 1.8664022750324674, 1.8223195142216153, 1.7725057337019179, 1.6893320613437228, 1.6734694176250033, 1.6548413568072848, 1.6481688155068293, 1.599059032069312, 1.5856159660551283, 1.5014598502053156, 1.503287182913886, 1.4702329238255818, 1.4532922042740717, 1.4597498642073736, 1.4238888952467177, 1.4575475653012593, 1.4245877265930176, 1.4597486919826932, 1.3812491761313543, 1.3886468079355028, 1.4914241433143616, 1.5277448230319552, 1.4460342062844171, 1.4520388907856412, 1.4480732480684917, 1.4366752770211961, 1.3743021057711706, 1.32602059841156, 1.2592039571868048, 1.2531493372387357, 1.2533384760220845, 1.2340093354384105, 1.147537499666214, 1.1397931542661455, 1.1007860336038802, 1.0748429463969336, 1.043308996491962, 1.0102155539724562, 1.0087479220496283, 1.0027314325173695, 0.9690023495091332, 0.9461419052547879, 0.9508291549152799, 0.9456307590007782, 0.8941723240746392, 0.907025052441491, 0.8964704705609216, 0.8628342284096612, 0.8747760752836863, 0.9306991000970205, 0.9918330344888899, 1.1067936784691281, 1.0390619105762906, 0.9919184446334839, 0.9833161864015791, 0.9567038218180338, 0.93305328157213, 0.9328519139024947, 0.839628666639328, 0.8942514128155179, 0.8715592390961118, 0.8683462705877092, 0.830789734919866, 0.8162677122486962, 0.8092392848597633, 0.7407859298917983, 0.7278395427597893, 0.7126389874352349, 0.7415101826190948, 0.6881273835897446, 0.7274977233674791, 0.6954138875007629, 0.6553961237271627, 0.6922805507977804, 0.6773809343576431, 0.645572672287623, 0.6144303679466248, 0.6193619420131048, 0.5993656929996278, 0.6441607243484921], "train_acc": [0.03125, 0.06076388888888889, 0.08506944444444445, 0.0842013888888889, 0.09895833333333333, 0.10416666666666667, 0.1284722222222222, 0.1189236111111111, 0.15625, 0.15711805555555555, 0.1779513888888889, 0.2013888888888889, 0.2248263888888889, 0.2300347222222222, 0.2638888888888889, 0.2543402777777778, 0.2795138888888889, 0.2708333333333333, 0.2838541666666667, 0.3151041666666667, 0.3072916666666667, 0.3203125, 0.3350694444444444, 0.3402777777777778, 0.3489583333333333, 0.3758680555555556, 0.3368055555555556, 0.3576388888888889, 0.359375, 0.3532986111111111, 0.3185763888888889, 0.3151041666666667, 0.3446180555555556, 0.3385416666666667, 0.3472222222222222, 0.3932291666666667, 0.4045138888888889, 0.4270833333333333, 0.4609375, 0.4635416666666667, 0.4774305555555556, 0.5182291666666666, 0.5260416666666666, 0.5425347222222222, 0.5416666666666666, 0.5677083333333334, 0.5694444444444444, 0.5798611111111112, 0.5729166666666666, 0.6006944444444444, 0.5894097222222222, 0.5998263888888888, 0.6171875, 0.6102430555555556, 0.6397569444444444, 0.6197916666666666, 0.6293402777777778, 0.6119791666666666, 0.6536458333333334, 0.6475694444444444, 0.6067708333333334, 0.5798611111111112, 0.6111111111111112, 0.6215277777777778, 0.6171875, 0.6059027777777778, 0.6397569444444444, 0.6666666666666666, 0.6762152777777778, 0.6892361111111112, 0.6840277777777778, 0.6909722222222222, 0.7065972222222222, 0.7144097222222222, 0.7239583333333334, 0.7473958333333334, 0.7595486111111112, 0.7690972222222222, 0.7647569444444444, 0.7630208333333334, 0.7803819444444444, 0.7803819444444444, 0.796875, 0.7803819444444444, 0.8003472222222222, 0.8046875, 0.8142361111111112, 0.8272569444444444, 0.8133680555555556, 0.7829861111111112, 0.7760416666666666, 0.7239583333333334, 0.7604166666666666, 0.7578125, 0.7578125, 0.7777777777777778, 0.7873263888888888, 0.7821180555555556, 0.8203125, 0.7907986111111112, 0.7907986111111112, 0.8046875, 0.8116319444444444, 0.8342013888888888, 0.8307291666666666, 0.8550347222222222, 0.8532986111111112, 0.8663194444444444, 0.84375, 0.8732638888888888, 0.8532986111111112, 0.8611111111111112, 0.8845486111111112, 0.8767361111111112, 0.8845486111111112, 0.8836805555555556, 0.9097222222222222, 0.9001736111111112, 0.9036458333333334, 0.8810763888888888], "val_clip_acc": [0.02, 0.02, 0.0225, 0.08, 0.0625, 0.075, 0.0975, 0.0975, 0.12, 0.0875, 0.14, 0.13, 0.1525, 0.1325, 0.1525, 0.1625, 0.1525, 0.16, 0.16, 0.18, 0.175, 0.1925, 0.1675, 0.185, 0.1875, 0.1875, 0.1925, 0.185, 0.1825, 0.185, 0.1925, 0.1775, 0.2125, 0.22, 0.24, 0.2, 0.2525, 0.2525, 0.2625, 0.2675, 0.2475, 0.275, 0.2725, 0.2875, 0.2875, 0.29, 0.2975, 0.2875, 0.3225, 0.3075, 0.3075, 0.3175, 0.31, 0.31, 0.3075, 0.3125, 0.315, 0.31, 0.3, 0.3125, 0.2975, 0.315, 0.2875, 0.2875, 0.3, 0.2625, 0.255, 0.29, 0.3075, 0.325, 0.3175, 0.2875, 0.325, 0.3525, 0.3275, 0.3475, 0.3525, 0.3525, 0.3525, 0.3525, 0.3575, 0.355, 0.3525, 0.35, 0.3425, 0.355, 0.3575, 0.355, 0.3625, 0.3575, 0.345, 0.3375, 0.3175, 0.3375, 0.3525, 0.3275, 0.32, 0.3675, 0.355, 0.37, 0.3425, 0.3875, 0.355, 0.3475, 0.37, 0.3725, 0.39, 0.3725, 0.3675, 0.3775, 0.39, 0.365, 0.3675, 0.3825, 0.3775, 0.3875, 0.3775, 0.38, 0.38, 0.38]}