{"train_loss": [2.8899614887500027, 2.1867081845572236, 1.9301002747421965, 1.7179201217966342, 1.577337595300937, 1.4698391534866544, 1.428549560385013, 1.3512075455910568, 1.2625619544895417, 1.2667472712490537, 1.2393187618036883, 1.25290848191725, 1.214623677621194, 1.235766308570127, 1.232538026954056, 1.1683287954111712, 1.2104602620142315, 1.1874644193080588, 1.1417886581989602, 0.9934400894226284, 1.035260740223281, 1.0023514333121273, 1.0210933745454212, 1.0026900303473167, 0.9245056110784549, 0.9720956841740039, 1.0869947524245727, 1.0303347252924508, 1.0499777580619951, 1.0138263297737191, 1.0316120101771225, 0.9871322704017709, 0.8886019294961877, 0.9664944175186507, 0.8882385590754518, 0.9223856398271858, 0.9085156573068112, 0.8881383070705133, 0.8743709694901738, 0.9790011956057417, 0.9747052936378969, 0.9282845663368156, 0.8708430337249686, 0.9547466406034767, 0.9496253583956202, 0.8181495562605902, 0.80670945961541, 0.8507531531360171, 0.8330993381662106, 0.8064567452176995], "train_acc": [0.16241399082568808, 0.21029243119266056, 0.2917144495412844, 0.35034403669724773, 0.35622133027522934, 0.3986525229357798, 0.44036697247706424, 0.46688646788990823, 0.4881020642201835, 0.43463302752293576, 0.48236811926605505, 0.4577121559633027, 0.48093463302752293, 0.5240825688073395, 0.4555619266055046, 0.5096043577981652, 0.46645642201834864, 0.5044438073394495, 0.5772649082568807, 0.5561926605504587, 0.5655103211009175, 0.5417144495412844, 0.5891628440366973, 0.5377006880733946, 0.6338876146788991, 0.5665137614678899, 0.4782110091743119, 0.5184919724770642, 0.5464449541284404, 0.5603497706422018, 0.5280963302752294, 0.5655103211009175, 0.5821387614678899, 0.5926032110091743, 0.567947247706422, 0.5662270642201835, 0.5924598623853211, 0.5954701834862385, 0.5807052752293578, 0.5511754587155964, 0.5650802752293578, 0.5756880733944955, 0.5678038990825688, 0.5612098623853211, 0.6191227064220184, 0.6214162844036697, 0.6370412844036697, 0.6224197247706422, 0.5861525229357798, 0.6390481651376146], "val_clip_acc": [0.11316397228637413, 0.11316397228637413, 0.11547344110854503, 0.04503464203233257, 0.04503464203233257, 0.04503464203233257, 0.04503464203233257, 0.04503464203233257, 0.06697459584295612, 0.1766743648960739, 0.26096997690531176, 0.37066974595842955, 0.476905311778291, 0.5565819861431871, 0.6108545034642032, 0.6374133949191686, 0.6535796766743649, 0.6651270207852193, 0.6720554272517321, 0.6801385681293303, 0.674364896073903, 0.6812933025404158, 0.6939953810623557, 0.6916859122401847, 0.6905311778290993, 0.6859122401847575, 0.6916859122401847, 0.6939953810623557, 0.6928406466512702, 0.6963048498845266, 0.6882217090069284, 0.6801385681293303, 0.6836027713625866, 0.6882217090069284, 0.6928406466512702, 0.6928406466512702, 0.6986143187066974, 0.6963048498845266, 0.6939953810623557, 0.6905311778290993, 0.6963048498845266, 0.6882217090069284, 0.6951501154734411, 0.684757505773672, 0.687066974595843, 0.6916859122401847, 0.7020785219399538, 0.6951501154734411, 0.6997690531177829, 0.6963048498845266]}