{"train_loss": [3.9885343483516147, 2.9270141465323314, 2.4302243505205428, 2.1406235013689314, 1.9343623433794295, 1.8132173674447196, 1.8628748995917184, 1.749620761190142, 1.7351521764482771, 1.495165262903486, 1.5114322560174125, 1.3557332072939192, 1.341952119554792, 1.190986922809056, 1.1638366154261999, 1.15362571818488, 1.256112081663949, 1.3071314947945731, 1.0870592764445715, 1.0417716928890772, 1.070533105305263, 1.1031670314925057, 1.0525595545768738, 1.1013657365526472, 1.1160683121000017, 1.00949227809906, 0.9567260997635978, 1.0732288275446211, 1.0215120911598206, 1.0245908839362008, 1.1468978779656547, 1.1776503835405623, 1.1651903646332877, 1.0615889515195573, 0.9801818387848991, 1.1945248927388872, 1.0428726928574699, 0.8808392882347107, 0.9851862107004438, 0.9125162788799831, 0.8732695834977287, 0.9345921788896833, 0.831067042691367, 0.9328017234802246, 0.9481777889387948, 0.7009079286030361, 0.8667289274079459, 0.7273048077310834, 0.8294811248779297, 0.8470882177352905, 0.7765605534826007, 0.6709565435137067, 0.6521749666758946, 0.7096093893051147, 0.7878847547939846, 0.6446780775274549, 0.7455024719238281, 0.7143834062985012, 0.7835362127849034, 0.763040270124163, 0.7610263058117458, 0.735607922077179, 0.7808105008942741, 0.7389331034251622, 0.7725491949490139, 0.721397842679705, 0.8621178354535785, 0.6542568717684064, 0.7222492694854736, 0.659010682787214, 0.6522210027490344, 0.6480098537036351, 0.6043089713369098, 0.640554449387959, 0.7291533861841474, 0.6532566121646336, 0.5508759702954974, 0.6405799899782453, 0.5132578994546618, 0.5571345005716596, 0.511771057333265, 0.5744303464889526, 0.5032123880726951, 0.6152115975107465, 0.5469440349510738, 0.5530997599874224, 0.4401941810335432, 0.5133717656135559, 0.5580676070281437, 0.595039291041238, 0.5851555466651917, 0.5321957341262272, 0.503751380102975, 0.604169487953186, 0.6070754102298191, 0.5548196945871625, 0.5449790017945426, 0.5546315099511828, 0.5845432026045663, 0.5870909009660993, 0.5307748104844775, 0.5356030889919826, 0.5287263563701085, 0.4631723718983786, 0.5006750779492515, 0.4894882355417524, 0.45210575631686617, 0.4676805819783892, 0.46819210052490234, 0.4607783172811781, 0.5022203155926296, 0.4549158385821751, 0.48103382757731844, 0.4518298804759979, 0.4566593851361956, 0.35494920185634066, 0.39084133080073763, 0.40284369247300283, 0.3590683958360127, 0.37392082810401917], "train_acc": [0.07589285714285714, 0.18303571428571427, 0.3125, 0.3482142857142857, 0.35267857142857145, 0.41964285714285715, 0.4419642857142857, 0.45982142857142855, 0.45089285714285715, 0.4330357142857143, 0.5223214285714286, 0.5625, 0.5267857142857143, 0.6160714285714286, 0.6071428571428571, 0.5803571428571429, 0.5669642857142857, 0.5714285714285714, 0.6339285714285714, 0.6517857142857143, 0.6473214285714286, 0.6071428571428571, 0.6473214285714286, 0.6651785714285714, 0.5892857142857143, 0.6383928571428571, 0.7053571428571429, 0.65625, 0.6964285714285714, 0.6785714285714286, 0.6383928571428571, 0.625, 0.6160714285714286, 0.6741071428571429, 0.6785714285714286, 0.625, 0.6205357142857143, 0.6964285714285714, 0.7142857142857143, 0.7142857142857143, 0.7544642857142857, 0.7053571428571429, 0.7589285714285714, 0.7366071428571429, 0.71875, 0.8125, 0.7678571428571429, 0.7857142857142857, 0.7455357142857143, 0.7633928571428571, 0.7857142857142857, 0.8348214285714286, 0.8214285714285714, 0.8035714285714286, 0.7455357142857143, 0.8214285714285714, 0.7678571428571429, 0.78125, 0.7544642857142857, 0.7723214285714286, 0.7366071428571429, 0.7857142857142857, 0.7946428571428571, 0.8125, 0.7544642857142857, 0.7991071428571429, 0.7321428571428571, 0.8258928571428571, 0.7991071428571429, 0.8258928571428571, 0.8125, 0.8035714285714286, 0.8258928571428571, 0.8169642857142857, 0.7767857142857143, 0.8080357142857143, 0.8526785714285714, 0.8125, 0.8660714285714286, 0.8616071428571429, 0.9017857142857143, 0.8660714285714286, 0.8839285714285714, 0.8169642857142857, 0.875, 0.84375, 0.90625, 0.875, 0.8883928571428571, 0.8526785714285714, 0.84375, 0.8660714285714286, 0.8839285714285714, 0.8348214285714286, 0.8125, 0.84375, 0.8571428571428571, 0.8928571428571429, 0.8660714285714286, 0.8526785714285714, 0.8660714285714286, 0.8482142857142857, 0.8616071428571429, 0.90625, 0.8973214285714286, 0.8839285714285714, 0.8928571428571429, 0.8928571428571429, 0.9196428571428571, 0.9017857142857143, 0.90625, 0.8883928571428571, 0.8839285714285714, 0.8839285714285714, 0.8883928571428571, 0.9553571428571429, 0.9196428571428571, 0.9151785714285714, 0.9375, 0.9464285714285714], "val_clip_acc": [0.1, 0.1, 0.1, 0.1, 0.1, 0.1, 0.1, 0.1125, 0.225, 0.3, 0.45, 0.5375, 0.55, 0.6125, 0.55, 0.575, 0.575, 0.575, 0.55, 0.6375, 0.5875, 0.5625, 0.5625, 0.625, 0.6375, 0.6125, 0.625, 0.6375, 0.6375, 0.625, 0.6375, 0.7, 0.6625, 0.625, 0.6125, 0.65, 0.625, 0.6875, 0.65, 0.7, 0.6875, 0.7125, 0.725, 0.7125, 0.7125, 0.6625, 0.6875, 0.6625, 0.6875, 0.725, 0.7, 0.7125, 0.6875, 0.7125, 0.7, 0.7, 0.725, 0.6875, 0.675, 0.7, 0.7, 0.7, 0.7125, 0.6875, 0.75, 0.675, 0.7, 0.6875, 0.7, 0.7, 0.7375, 0.7125, 0.7125, 0.6625, 0.725, 0.7125, 0.7, 0.7, 0.7, 0.7125, 0.7, 0.6625, 0.7, 0.7125, 0.7125, 0.7125, 0.7, 0.7, 0.7125, 0.7125, 0.675, 0.75, 0.7, 0.7125, 0.625, 0.725, 0.7375, 0.7125, 0.7125, 0.7125, 0.6875, 0.725, 0.75, 0.6875, 0.675, 0.725, 0.7, 0.7, 0.7, 0.675, 0.6875, 0.7125, 0.7375, 0.75, 0.7375, 0.75, 0.7375, 0.75, 0.725, 0.725]}