{"train_loss": [2.7828950432480357, 2.1512759044522145, 1.883416874486892, 1.6377020194882252, 1.53189181890644, 1.4313541235493832, 1.381514008416504, 1.2923506258941087, 1.2890923633927205, 1.2339242496451392, 1.2261994862165608, 1.1324021288605988, 1.121177505274288, 1.2248058436346836, 1.204593198221238, 1.2539514723371288, 1.1850077959357714, 1.0222974996097753, 1.0626945490719841, 1.0030128188797685, 1.0471736910890361, 0.9680026754981181, 0.9803780981751739, 0.9219159293370168, 0.9322726159799294, 0.9573657424723516, 1.034125469747137, 1.0730841350359994, 1.0545842378843027, 0.968055187678728, 0.9530281292610481, 0.9357202443920198, 0.9505680589402308, 0.9056330108251728, 0.9001213199779635, 0.897290050250585, 0.8797635765837841, 0.8082000070908031, 0.8874383493036521, 1.0038805818948588, 0.8648320165325384, 0.8671227686229299, 0.9126884859116351, 0.8824576212734473, 0.8444879084336953, 0.8593360686399898, 0.8011194235477291, 0.8410687913171581, 0.7612477091492199, 0.7882942117628504], "train_acc": [0.15317622950819673, 0.23936987704918034, 0.2941854508196721, 0.34823258196721313, 0.3789702868852459, 0.43993340163934425, 0.47950819672131145, 0.4761782786885246, 0.45197233606557374, 0.4765625, 0.4823258196721312, 0.5277920081967213, 0.5555840163934426, 0.4600409836065574, 0.5023053278688525, 0.48155737704918034, 0.5434170081967213, 0.5571209016393442, 0.5463627049180327, 0.5582735655737705, 0.5558401639344263, 0.5893954918032787, 0.5722336065573771, 0.5280481557377049, 0.5519979508196722, 0.5884989754098361, 0.5582735655737705, 0.5023053278688525, 0.5505891393442623, 0.5910604508196722, 0.5544313524590164, 0.5544313524590164, 0.5799180327868853, 0.6015625, 0.5726178278688525, 0.5635245901639344, 0.6083504098360656, 0.6118084016393442, 0.5617315573770492, 0.584656762295082, 0.6050204918032787, 0.6216700819672131, 0.5956711065573771, 0.584656762295082, 0.6160348360655737, 0.6302510245901639, 0.6365266393442623, 0.6467725409836066, 0.6287141393442623, 0.6655993852459017], "val_clip_acc": [null, null, null, null, null, null, null, null, null, null, null, null, null, null, null, null, null, null, null, null, null, null, null, null, null, null, null, null, null, null, null, null, null, null, null, null, null, null, null, null, null, null, null, null, null, null, null, null, null, null]}