{"train_loss": [3.994291748319353, 2.9073379039764404, 2.4388959407806396, 2.066857252802168, 2.0278564350945607, 1.941782065800258, 1.643842237336295, 1.6725969655173165, 1.5808189596448625, 1.5310014656611852, 1.4537448372159685, 1.3403179560388838, 1.3572086436407906, 1.3051492997578211, 1.2914939267294747, 1.2333033510616846, 1.2860963089125497, 1.2261814560209001, 1.1730034436498369, 1.0353594422340393, 1.1048337732042586, 1.0642779469490051, 1.1445337533950806, 1.081659964152745, 1.0901496240070887, 0.9423877085958209, 0.9694823452404567, 1.0173999241420202, 1.0141777651650565, 1.0974642293793815, 1.227332523890904, 1.1283166919435774, 1.0134542414120264, 1.034385894026075, 0.9857252410479954, 1.0854741164616175, 0.8642885770116534, 0.9936953101839338, 0.8518379075186593, 0.906595698424748, 0.9877709235463824, 0.7925145030021667, 0.9058287228856768, 0.8299606783049447, 0.8376153707504272, 0.8215707455362592, 0.8226046136447361, 0.7305010642324176, 0.7086943728583199, 0.7072717888014657, 0.6683504368577685, 0.6329689877373832, 0.6780690039907183, 0.6637942705835614, 0.6440540041242327, 0.6742033660411835, 0.6120709478855133, 0.690717203276498, 0.659868197781699, 0.8429108772959027, 0.77193740436009, 0.7493113619940621, 0.7541684934071132, 0.7190322279930115, 0.8142496006829398, 0.7291339720998492, 0.6961348227092198, 0.674884387425014, 0.6225219624383109, 0.6717108062335423, 0.7587756131376538, 0.7693201133183071, 0.5648716475282397, 0.6424453939710345, 0.5896915580545153, 0.5768765679427555, 0.5551633281367165, 0.5454251979078565, 0.5088702951158796, 0.604884147644043, 0.4709191152027675, 0.4674499588353293, 0.46666726044246126, 0.5169762287821088, 0.5117938092776707, 0.5335083220686231, 0.44055360555648804, 0.5281478081430707, 0.5142347429479871, 0.5431128016539982, 0.4716633345399584, 0.5883108249732426, 0.4547784541334425, 0.6047019873346601, 0.6230884620121547, 0.5665786947522845, 0.4845120183059147, 0.5137778350285122, 0.5552920060498374, 0.565414194549833, 0.5113707440240043, 0.47064595563071115, 0.5243045857974461, 0.4714521936007908, 0.4576870926788875, 0.5159538601125989, 0.47714631046567646, 0.4717952736786434, 0.5629728564194271, 0.41481490646089825, 0.43513233746801105, 0.40506052119391306, 0.43535204018865314, 0.4813811353274754, 0.3985096088477543, 0.442755435194288, 0.3789936346667154, 0.4094440085547311, 0.36049255302974154, 0.35756089431898935], "train_acc": [0.08482142857142858, 0.16517857142857142, 0.3080357142857143, 0.35714285714285715, 0.36160714285714285, 0.4017857142857143, 0.4732142857142857, 0.45982142857142855, 0.4732142857142857, 0.53125, 0.5446428571428571, 0.5535714285714286, 0.5580357142857143, 0.5535714285714286, 0.6026785714285714, 0.6160714285714286, 0.6071428571428571, 0.5267857142857143, 0.59375, 0.6830357142857143, 0.6160714285714286, 0.6473214285714286, 0.6160714285714286, 0.6517857142857143, 0.6696428571428571, 0.7232142857142857, 0.7232142857142857, 0.6696428571428571, 0.6383928571428571, 0.6160714285714286, 0.6071428571428571, 0.6473214285714286, 0.6696428571428571, 0.6651785714285714, 0.6696428571428571, 0.6383928571428571, 0.7008928571428571, 0.7053571428571429, 0.7410714285714286, 0.7098214285714286, 0.7410714285714286, 0.7678571428571429, 0.7455357142857143, 0.7276785714285714, 0.7633928571428571, 0.7410714285714286, 0.7633928571428571, 0.7723214285714286, 0.7857142857142857, 0.7991071428571429, 0.8526785714285714, 0.8303571428571429, 0.7857142857142857, 0.8214285714285714, 0.8258928571428571, 0.8169642857142857, 0.8348214285714286, 0.8169642857142857, 0.7991071428571429, 0.78125, 0.78125, 0.78125, 0.7723214285714286, 0.8080357142857143, 0.7678571428571429, 0.78125, 0.8125, 0.7678571428571429, 0.8258928571428571, 0.7991071428571429, 0.7723214285714286, 0.7901785714285714, 0.8258928571428571, 0.8125, 0.8571428571428571, 0.8616071428571429, 0.8482142857142857, 0.8303571428571429, 0.8794642857142857, 0.8303571428571429, 0.9151785714285714, 0.875, 0.8839285714285714, 0.8660714285714286, 0.8571428571428571, 0.8705357142857143, 0.8973214285714286, 0.8705357142857143, 0.8883928571428571, 0.8794642857142857, 0.8928571428571429, 0.8482142857142857, 0.9017857142857143, 0.8258928571428571, 0.7946428571428571, 0.8571428571428571, 0.8928571428571429, 0.8705357142857143, 0.8660714285714286, 0.8214285714285714, 0.8883928571428571, 0.8794642857142857, 0.8660714285714286, 0.8973214285714286, 0.8883928571428571, 0.8839285714285714, 0.8973214285714286, 0.8839285714285714, 0.84375, 0.9241071428571429, 0.9107142857142857, 0.9285714285714286, 0.8973214285714286, 0.8973214285714286, 0.9196428571428571, 0.90625, 0.9330357142857143, 0.9107142857142857, 0.9375, 0.9330357142857143], "val_clip_acc": [0.1, 0.1, 0.1, 0.1, 0.1, 0.1, 0.1, 0.1, 0.175, 0.325, 0.375, 0.4375, 0.5, 0.4125, 0.5125, 0.525, 0.55, 0.5375, 0.525, 0.525, 0.55, 0.525, 0.5, 0.4875, 0.525, 0.5125, 0.525, 0.525, 0.5375, 0.5625, 0.5875, 0.525, 0.5625, 0.55, 0.55, 0.5625, 0.5625, 0.575, 0.4875, 0.575, 0.5625, 0.5625, 0.5875, 0.6, 0.5625, 0.6, 0.5875, 0.575, 0.55, 0.5875, 0.625, 0.6375, 0.5875, 0.5625, 0.5625, 0.5625, 0.5875, 0.575, 0.575, 0.5875, 0.5875, 0.5875, 0.5625, 0.625, 0.575, 0.625, 0.6375, 0.65, 0.65, 0.6625, 0.625, 0.625, 0.6375, 0.675, 0.6, 0.6625, 0.6375, 0.625, 0.625, 0.6375, 0.65, 0.6625, 0.65, 0.675, 0.675, 0.6625, 0.6625, 0.65, 0.65, 0.6625, 0.6375, 0.7125, 0.65, 0.6875, 0.6375, 0.6625, 0.6875, 0.65, 0.6625, 0.7, 0.6125, 0.65, 0.625, 0.6875, 0.6875, 0.625, 0.6125, 0.6625, 0.65, 0.675, 0.6875, 0.65, 0.675, 0.7, 0.7, 0.7, 0.7125, 0.6875, 0.7, 0.7]}