{"train_loss": [5.782670815785726, 4.398473130332099, 4.118042416042751, 3.8549778196546765, 3.683873348765903, 3.547465523084005, 3.407571872075399, 3.2669910854763455, 3.206210083431668, 3.1197017431259155, 3.018596543206109, 2.9454162783092923, 2.88280369175805, 2.809384743372599, 2.7620683113733926, 2.66695679558648, 2.6033761898676553, 2.5671938127941556, 2.563974976539612, 2.4634158081478543, 2.46988054116567, 2.4761135975519815, 2.354923579427931, 2.356381244129605, 2.290818558798896, 2.3159555859035916, 2.2772669792175293, 2.329745067490472, 2.264876769648658, 2.3158173892233105, 2.3912431134117975, 2.376723673608568, 2.3442824284235635, 2.246011780367957, 2.1690851317511664, 2.0750337839126587, 2.0231484373410544, 2.001782761679755, 1.9437098105748494, 1.8751993974049885, 1.8373470571306016, 1.7353206144438849, 1.6868867410553827, 1.6849676503075495, 1.609771682156457, 1.5467111269632976, 1.4866016970740423, 1.495854874451955, 1.4748382369677226, 1.4362428320778742, 1.3821247749858432, 1.3798432151476543, 1.338228616449568, 1.3415002160602145, 1.3229618536101446, 1.2805748913023207, 1.3546459277470906, 1.3164571391211615, 1.3178590204980638, 1.3289314574665494, 1.4395966000027127, 1.4490899509853787, 1.4048556685447693, 1.3884922862052917, 1.325047082371182, 1.3066536320580378, 1.2890648179584079, 1.2391368349393208, 1.170930912097295, 1.1738525893953111, 1.1734442445966933, 1.1016214390595753, 1.0699832803673215, 1.0404283735487196, 1.0516119102636974, 0.9863131079408858, 0.9915222922960917, 0.97884844077958, 0.9289904236793518, 0.9263585011164347, 0.8858181171947055, 0.8689214057392545, 0.8665186232990689, 0.8223730160130395, 0.8073019584019979, 0.8433892130851746, 0.7982273168034024, 0.8096529907650418, 0.8703378803200192, 0.8016973104741838, 0.9585376613669925, 0.9589387277762095, 0.9373809529675378, 0.9153752095169492, 0.886307011047999, 0.8678933448261685, 0.8783054219351875, 0.817857649591234, 0.8324346211221483, 0.8815137147903442, 0.7701862619982826, 0.7565047840277354, 0.7847037845187717, 0.7265253265698751, 0.691917661163542, 0.6655734247631497, 0.7015840941005282, 0.6634850667582618, 0.610757182041804, 0.6230682598219978, 0.5835651126172807, 0.6274512410163879, 0.5820740958054861, 0.6036349369419945, 0.5836350950929854, 0.6050513833761215, 0.5732621136638854, 0.5495722045501074, 0.5467765496836768, 0.5850632753637102], "train_acc": [0.033854166666666664, 0.04861111111111111, 0.0625, 0.08680555555555555, 0.09809027777777778, 0.12065972222222222, 0.13194444444444445, 0.1440972222222222, 0.1579861111111111, 0.1892361111111111, 0.17881944444444445, 0.20572916666666666, 0.203125, 0.24913194444444445, 0.2534722222222222, 0.2717013888888889, 0.2977430555555556, 0.3012152777777778, 0.3098958333333333, 0.3220486111111111, 0.3194444444444444, 0.3142361111111111, 0.3611111111111111, 0.3550347222222222, 0.3802083333333333, 0.3611111111111111, 0.3932291666666667, 0.3619791666666667, 0.3793402777777778, 0.3689236111111111, 0.3463541666666667, 0.3454861111111111, 0.3550347222222222, 0.3932291666666667, 0.4114583333333333, 0.4227430555555556, 0.4496527777777778, 0.4357638888888889, 0.4696180555555556, 0.4869791666666667, 0.4817708333333333, 0.5364583333333334, 0.5625, 0.5494791666666666, 0.5711805555555556, 0.578125, 0.6067708333333334, 0.5894097222222222, 0.6050347222222222, 0.6319444444444444, 0.6432291666666666, 0.6449652777777778, 0.6588541666666666, 0.6475694444444444, 0.6614583333333334, 0.6788194444444444, 0.6614583333333334, 0.6640625, 0.6588541666666666, 0.6553819444444444, 0.6137152777777778, 0.6163194444444444, 0.6284722222222222, 0.6397569444444444, 0.6493055555555556, 0.6553819444444444, 0.6527777777777778, 0.6684027777777778, 0.7022569444444444, 0.6909722222222222, 0.6918402777777778, 0.7300347222222222, 0.7230902777777778, 0.7473958333333334, 0.7352430555555556, 0.7621527777777778, 0.7604166666666666, 0.7664930555555556, 0.7890625, 0.7916666666666666, 0.8072916666666666, 0.8125, 0.8046875, 0.8203125, 0.84375, 0.8116319444444444, 0.8298611111111112, 0.8376736111111112, 0.8168402777777778, 0.8315972222222222, 0.7743055555555556, 0.7769097222222222, 0.7717013888888888, 0.7881944444444444, 0.8107638888888888, 0.7907986111111112, 0.7881944444444444, 0.8151041666666666, 0.8246527777777778, 0.7899305555555556, 0.8472222222222222, 0.8446180555555556, 0.8307291666666666, 0.8506944444444444, 0.8689236111111112, 0.875, 0.8541666666666666, 0.8697916666666666, 0.90625, 0.8862847222222222, 0.9157986111111112, 0.890625, 0.9053819444444444, 0.8923611111111112, 0.9053819444444444, 0.9053819444444444, 0.9149305555555556, 0.9236111111111112, 0.9175347222222222, 0.9097222222222222], "val_clip_acc": [0.02, 0.02, 0.02, 0.0875, 0.0975, 0.0875, 0.1125, 0.155, 0.1425, 0.1475, 0.17, 0.1575, 0.16, 0.1925, 0.18, 0.1875, 0.1925, 0.2125, 0.215, 0.2075, 0.225, 0.2125, 0.2125, 0.2275, 0.2325, 0.2275, 0.2275, 0.225, 0.2425, 0.2225, 0.205, 0.2125, 0.2325, 0.28, 0.2575, 0.2875, 0.2825, 0.2825, 0.2825, 0.28, 0.3, 0.34, 0.325, 0.335, 0.3225, 0.32, 0.3225, 0.3175, 0.3525, 0.345, 0.33, 0.355, 0.34, 0.3475, 0.3425, 0.33, 0.3525, 0.325, 0.32, 0.335, 0.33, 0.355, 0.3475, 0.3325, 0.35, 0.345, 0.335, 0.365, 0.3475, 0.3325, 0.3775, 0.35, 0.37, 0.3975, 0.415, 0.3725, 0.3975, 0.405, 0.4125, 0.4225, 0.405, 0.3975, 0.4, 0.4025, 0.4175, 0.4125, 0.405, 0.4075, 0.3975, 0.4125, 0.39, 0.3775, 0.4175, 0.41, 0.405, 0.3875, 0.3975, 0.42, 0.4375, 0.4175, 0.41, 0.445, 0.4175, 0.445, 0.43, 0.415, 0.4475, 0.435, 0.455, 0.445, 0.4625, 0.4625, 0.4525, 0.4725, 0.465, 0.4675, 0.475, 0.4575, 0.465, 0.4725]}