{"train_loss": [5.894497765435113, 4.545431322521633, 4.125983715057373, 3.8192034562428794, 3.6996922625435724, 3.578124668863085, 3.3950403134028115, 3.336999297142029, 3.176285253630744, 3.1355547375149198, 3.023642381032308, 2.9217673937479653, 2.8284700314203897, 2.767386701371935, 2.6472919384638467, 2.6240768565071955, 2.5811924404568143, 2.504840890566508, 2.4445379972457886, 2.4159528149498835, 2.356922056939867, 2.3407857418060303, 2.278982480367025, 2.293175538380941, 2.3263597091039023, 2.2790964576933117, 2.239432950814565, 2.2495922843615213, 2.2033634583155313, 2.217383782068888, 2.3703584141201444, 2.3555891513824463, 2.263749082883199, 2.313147372669644, 2.1494045853614807, 2.067684200074938, 2.028246667650011, 1.9488126238187153, 1.9563679893811543, 1.8123290141423543, 1.750208146042294, 1.6864505608876545, 1.5997209681404962, 1.604518519507514, 1.547830131318834, 1.573633114496867, 1.5087351732783847, 1.4674719439612494, 1.447585894001855, 1.424359096421136, 1.36211891969045, 1.3744168016645644, 1.3111902938948736, 1.3197812305556402, 1.325761874516805, 1.2575337489446003, 1.3262848986519709, 1.2813399897681341, 1.2953869369294908, 1.2720127039485507, 1.3988767597410414, 1.4237713548872206, 1.404630548424191, 1.3652645018365648, 1.2829719516966078, 1.2860241068734064, 1.2540937728352017, 1.166120817263921, 1.1716031829516094, 1.2082489132881165, 1.1362117793824937, 1.0729196568330128, 1.0603929195139143, 1.016433768802219, 0.9676315751340654, 0.9736478096908994, 0.9258941213289896, 0.9066818786991967, 0.8971584571732415, 0.8692383733060625, 0.8334347175227271, 0.847837832238939, 0.8242040773232778, 0.7873606814278497, 0.7950273421075609, 0.783064087231954, 0.8317464093367258, 0.7817570070425669, 0.8074910177124871, 0.7695469359556834, 0.8902279171678755, 0.9077243241998885, 0.9298727942837609, 0.8930024670230018, 0.8522339529461331, 0.8657377660274506, 0.8773300151030222, 0.8574080566565195, 0.7677328487237295, 0.7715413669745127, 0.7412335839536455, 0.7283963428603278, 0.7326219744152493, 0.7119225495391421, 0.6827616592248281, 0.6604159259133868, 0.6834441390302446, 0.6302369932333628, 0.6289115515020158, 0.6009823845492469, 0.6291941288444731, 0.5966422359148661, 0.5915419989162021, 0.6049093637201521, 0.5628226548433304, 0.5932778716087341, 0.586461087067922, 0.578796366850535, 0.5586820476584964, 0.5527448885970645], "train_acc": [0.024305555555555556, 0.057291666666666664, 0.0625, 0.09288194444444445, 0.09288194444444445, 0.109375, 0.12586805555555555, 0.14322916666666666, 0.1527777777777778, 0.1736111111111111, 0.1970486111111111, 0.2282986111111111, 0.2404513888888889, 0.2508680555555556, 0.2743055555555556, 0.2751736111111111, 0.2934027777777778, 0.2942708333333333, 0.3255208333333333, 0.3263888888888889, 0.3567708333333333, 0.3515625, 0.3567708333333333, 0.359375, 0.375, 0.3897569444444444, 0.3741319444444444, 0.3993055555555556, 0.4027777777777778, 0.4097222222222222, 0.3272569444444444, 0.3498263888888889, 0.3697916666666667, 0.3680555555555556, 0.3975694444444444, 0.4114583333333333, 0.4357638888888889, 0.4487847222222222, 0.4592013888888889, 0.5138888888888888, 0.5199652777777778, 0.5416666666666666, 0.5642361111111112, 0.5625, 0.59375, 0.5564236111111112, 0.5980902777777778, 0.6171875, 0.6180555555555556, 0.6171875, 0.6423611111111112, 0.6493055555555556, 0.6605902777777778, 0.6475694444444444, 0.6484375, 0.6840277777777778, 0.6614583333333334, 0.6736111111111112, 0.6597222222222222, 0.6701388888888888, 0.6293402777777778, 0.6128472222222222, 0.6223958333333334, 0.6319444444444444, 0.6631944444444444, 0.65625, 0.6701388888888888, 0.7039930555555556, 0.6944444444444444, 0.6883680555555556, 0.7092013888888888, 0.7361111111111112, 0.7274305555555556, 0.7491319444444444, 0.7630208333333334, 0.7630208333333334, 0.7734375, 0.7916666666666666, 0.8055555555555556, 0.8072916666666666, 0.8203125, 0.8072916666666666, 0.8272569444444444, 0.8394097222222222, 0.8333333333333334, 0.8559027777777778, 0.8159722222222222, 0.8368055555555556, 0.8298611111111112, 0.8498263888888888, 0.7960069444444444, 0.7717013888888888, 0.7803819444444444, 0.7899305555555556, 0.8029513888888888, 0.8064236111111112, 0.7916666666666666, 0.7960069444444444, 0.8359375, 0.8289930555555556, 0.8342013888888888, 0.8506944444444444, 0.8420138888888888, 0.8463541666666666, 0.8793402777777778, 0.8732638888888888, 0.8671875, 0.8845486111111112, 0.8888888888888888, 0.890625, 0.8888888888888888, 0.8975694444444444, 0.9053819444444444, 0.8984375, 0.9227430555555556, 0.8975694444444444, 0.9079861111111112, 0.9105902777777778, 0.9157986111111112, 0.9253472222222222], "val_clip_acc": [0.02, 0.02, 0.0225, 0.0675, 0.0825, 0.105, 0.1125, 0.11, 0.1475, 0.14, 0.16, 0.165, 0.15, 0.215, 0.2, 0.2075, 0.2125, 0.23, 0.225, 0.2475, 0.2375, 0.2475, 0.2575, 0.25, 0.245, 0.2475, 0.26, 0.2575, 0.2575, 0.26, 0.25, 0.2575, 0.2275, 0.245, 0.265, 0.2525, 0.255, 0.245, 0.2675, 0.275, 0.29, 0.305, 0.3075, 0.325, 0.34, 0.315, 0.2925, 0.3175, 0.3375, 0.3325, 0.34, 0.345, 0.33, 0.345, 0.3575, 0.3475, 0.34, 0.3475, 0.345, 0.3525, 0.31, 0.345, 0.33, 0.32, 0.3275, 0.3475, 0.3225, 0.315, 0.345, 0.3275, 0.335, 0.33, 0.3575, 0.3675, 0.3525, 0.3625, 0.385, 0.3825, 0.375, 0.38, 0.39, 0.395, 0.38, 0.375, 0.3725, 0.375, 0.3875, 0.3775, 0.3675, 0.375, 0.3375, 0.34, 0.3725, 0.3775, 0.34, 0.3525, 0.3475, 0.38, 0.3475, 0.3475, 0.3475, 0.3525, 0.3725, 0.3575, 0.3725, 0.37, 0.385, 0.385, 0.39, 0.39, 0.4, 0.3925, 0.3925, 0.405, 0.3975, 0.385, 0.3875, 0.3925, 0.385, 0.385]}