{"train_loss": [3.5215749740600586, 2.503180170059204, 2.3479991912841798, 1.859225082397461, 1.8037129640579224, 1.7549858450889588, 1.5480309963226317, 1.5473917484283448, 1.389566218852997, 1.3100972115993499, 1.4070600628852845, 1.2864951610565185, 1.183102011680603, 1.1810490489006042, 1.1223183512687682, 1.1234507739543915, 1.0904789090156555, 1.0958868741989136, 1.0824530184268952, 1.090838748216629, 1.017106968164444, 1.0488371551036835, 0.9706128060817718, 0.9440785586833954, 0.952876877784729, 0.8970327019691468, 0.8908481895923615, 0.9233098745346069, 0.909812331199646, 0.8671665132045746, 0.9181814193725586, 0.948922085762024, 1.1289880514144897, 0.9662916243076325, 1.0963724732398987, 1.0074194073677063, 0.8835774958133698, 0.9405910193920135, 0.884294843673706, 0.8285132706165313, 0.7435922980308532, 0.7332308530807495, 0.8064552009105682, 0.7130282819271088, 0.7235885798931122, 0.7223626852035523, 0.6852304369211197, 0.6628294110298156, 0.6091094315052032, 0.7088978528976441, 0.708502608537674, 0.5896239519119263, 0.5462705433368683, 0.5987162292003632, 0.5634386152029037, 0.6135033130645752, 0.5630963772535325, 0.5626879870891571, 0.6003265976905823, 0.5576946854591369, 0.5185982584953308, 0.6262879848480225, 0.6441804260015488, 0.6439996600151062, 0.6013325393199921, 0.640458220243454, 0.6126647561788559, 0.6339947074651718, 0.6285295426845551, 0.6005924046039581, 0.5478272944688797, 0.5387754499912262, 0.5600740313529968, 0.511951670050621, 0.4527255356311798, 0.549983736872673, 0.5576262831687927, 0.5159514307975769, 0.495137146115303, 0.5053206115961075, 0.47238703072071075, 0.46707777082920077, 0.4255617052316666, 0.47140749990940095, 0.4556466847658157, 0.4341819822788239, 0.39665756523609164, 0.442020383477211, 0.4104065701365471, 0.4455642104148865, 0.444242924451828, 0.44984407126903536, 0.4960927188396454, 0.5041636884212494, 0.48067550361156464, 0.4948471784591675, 0.4365759551525116, 0.5235741078853607, 0.46092606484889986, 0.4566921770572662, 0.4280488133430481, 0.45002461075782774, 0.47389841079711914, 0.3756559431552887, 0.46436500549316406, 0.35876144766807555, 0.4022129029035568, 0.4162074953317642, 0.38288903534412383, 0.35198378562927246, 0.34388902485370637, 0.4315438538789749, 0.389030984044075, 0.4324070543050766, 0.4018194764852524, 0.329878693819046, 0.3368375450372696, 0.35995742827653887, 0.36223446428775785, 0.38483565449714663], "train_acc": [0.103125, 0.28125, 0.346875, 0.384375, 0.409375, 0.41875, 0.44375, 0.4875, 0.53125, 0.578125, 0.546875, 0.578125, 0.609375, 0.63125, 0.596875, 0.634375, 0.65, 0.621875, 0.634375, 0.65625, 0.653125, 0.640625, 0.675, 0.671875, 0.6875, 0.728125, 0.721875, 0.703125, 0.7125, 0.703125, 0.709375, 0.678125, 0.6375, 0.7, 0.65625, 0.665625, 0.709375, 0.734375, 0.70625, 0.75, 0.75625, 0.765625, 0.740625, 0.8125, 0.765625, 0.771875, 0.809375, 0.7875, 0.8, 0.79375, 0.803125, 0.83125, 0.84375, 0.815625, 0.846875, 0.8125, 0.859375, 0.846875, 0.8375, 0.859375, 0.88125, 0.821875, 0.83125, 0.81875, 0.8375, 0.83125, 0.85, 0.834375, 0.84375, 0.825, 0.846875, 0.85, 0.84375, 0.865625, 0.8875, 0.859375, 0.871875, 0.8875, 0.878125, 0.8875, 0.89375, 0.8875, 0.909375, 0.9, 0.896875, 0.9125, 0.9125, 0.89375, 0.921875, 0.90625, 0.890625, 0.896875, 0.9, 0.865625, 0.875, 0.890625, 0.90625, 0.853125, 0.903125, 0.88125, 0.9125, 0.890625, 0.890625, 0.934375, 0.9125, 0.93125, 0.925, 0.928125, 0.921875, 0.934375, 0.94375, 0.896875, 0.925, 0.921875, 0.909375, 0.95, 0.9375, 0.94375, 0.940625, 0.9125], "val_clip_acc": [null, null, null, null, null, null, null, null, null, null, null, null, null, null, null, null, null, null, null, null, null, null, null, null, null, null, null, null, null, null, null, null, null, null, null, null, null, null, null, null, null, null, null, null, null, null, null, null, null, null, null, null, null, null, null, null, null, null, null, null, null, null, null, null, null, null, null, null, null, null, null, null, null, null, null, null, null, null, null, null, null, null, null, null, null, null, null, null, null, null, null, null, null, null, null, null, null, null, null, null, null, null, null, null, null, null, null, null, null, null, null, null, null, null, null, null, null, null, null, null]}