{"train_loss": [3.7037704467773436, 2.566531777381897, 2.1490424394607546, 1.8731427788734436, 1.6923614025115967, 1.5648375391960143, 1.5588506579399108, 1.4763825714588166, 1.4187049269676208, 1.3068597078323365, 1.3376121759414672, 1.3125129342079163, 1.2372593998908996, 1.2315711677074432, 1.2165795266628265, 1.095578920841217, 1.0273889482021332, 1.133501261472702, 1.0005000054836273, 1.025092500448227, 0.9656437754631042, 1.0156088888645172, 0.8625294208526612, 0.9625362753868103, 0.9396979868412018, 0.8769811987876892, 0.8886208713054657, 0.9115123093128205, 0.9138838410377502, 0.8927751779556274, 1.0050106942653656, 0.9901133835315704, 1.0603931248188019, 0.8783532857894898, 0.92682044506073, 0.924260926246643, 0.8063420295715332, 0.9234132468700409, 0.9214745342731476, 0.7666807115077973, 0.8142672777175903, 0.7533680140972138, 0.788634866476059, 0.7472886741161346, 0.772797417640686, 0.6902747690677643, 0.6726559281349183, 0.6636920422315598, 0.6904933452606201, 0.640530726313591, 0.658362627029419, 0.6182779610157013, 0.5440464168787003, 0.5880155801773072, 0.5394918650388718, 0.6047369420528412, 0.5405622452497483, 0.5650944948196411, 0.5349886268377304, 0.5660174787044525, 0.5582849562168122, 0.6492536842823029, 0.6560663670301438, 0.6396453440189361, 0.6345295786857605, 0.6831678777933121, 0.6028239071369171, 0.6687025964260102, 0.6281246542930603, 0.6268064498901367, 0.6013841360807419, 0.6003379702568055, 0.5519517809152603, 0.54226633310318, 0.4971656441688538, 0.5555442571640015, 0.5029499858617783, 0.544639840722084, 0.4836630880832672, 0.4807771772146225, 0.4750196605920792, 0.4661590397357941, 0.43304742574691774, 0.4659356564283371, 0.487872451543808, 0.44447754621505736, 0.39578416645526887, 0.4178378045558929, 0.43281936943531035, 0.4589425355195999, 0.416902893781662, 0.45587016046047213, 0.4719476491212845, 0.44960350841283797, 0.45567125678062437, 0.4538947999477386, 0.5027710795402527, 0.5275145590305328, 0.48345122039318084, 0.501451513171196, 0.4383496522903442, 0.4825438618659973, 0.49897169321775436, 0.4191401183605194, 0.4423433244228363, 0.3731339186429977, 0.4004113733768463, 0.38760872185230255, 0.38652245700359344, 0.3807442426681519, 0.37776931524276736, 0.4298551231622696, 0.4086050450801849, 0.34266038835048673, 0.4387397408485413, 0.34464683532714846, 0.3631706953048706, 0.33579897284507754, 0.31458440572023394, 0.36468544602394104], "train_acc": [0.09375, 0.25625, 0.340625, 0.39375, 0.446875, 0.4625, 0.4875, 0.534375, 0.475, 0.55, 0.565625, 0.56875, 0.58125, 0.5875, 0.59375, 0.64375, 0.659375, 0.6125, 0.66875, 0.678125, 0.690625, 0.68125, 0.73125, 0.653125, 0.73125, 0.70625, 0.715625, 0.70625, 0.7125, 0.71875, 0.675, 0.653125, 0.678125, 0.728125, 0.70625, 0.725, 0.73125, 0.728125, 0.71875, 0.771875, 0.76875, 0.759375, 0.746875, 0.78125, 0.753125, 0.796875, 0.821875, 0.796875, 0.80625, 0.809375, 0.80625, 0.834375, 0.8625, 0.859375, 0.86875, 0.825, 0.8625, 0.853125, 0.878125, 0.8375, 0.865625, 0.81875, 0.825, 0.8125, 0.828125, 0.8, 0.846875, 0.828125, 0.84375, 0.815625, 0.840625, 0.84375, 0.875, 0.865625, 0.871875, 0.83125, 0.890625, 0.875, 0.878125, 0.909375, 0.88125, 0.89375, 0.909375, 0.896875, 0.884375, 0.896875, 0.9375, 0.909375, 0.925, 0.9, 0.915625, 0.884375, 0.890625, 0.8875, 0.88125, 0.909375, 0.88125, 0.85625, 0.890625, 0.88125, 0.896875, 0.89375, 0.884375, 0.93125, 0.903125, 0.93125, 0.934375, 0.921875, 0.93125, 0.915625, 0.934375, 0.89375, 0.91875, 0.94375, 0.9, 0.940625, 0.953125, 0.953125, 0.953125, 0.940625], "val_clip_acc": [null, null, null, null, null, null, null, null, null, null, null, null, null, null, null, null, null, null, null, null, null, null, null, null, null, null, null, null, null, null, null, null, null, null, null, null, null, null, null, null, null, null, null, null, null, null, null, null, null, null, null, null, null, null, null, null, null, null, null, null, null, null, null, null, null, null, null, null, null, null, null, null, null, null, null, null, null, null, null, null, null, null, null, null, null, null, null, null, null, null, null, null, null, null, null, null, null, null, null, null, null, null, null, null, null, null, null, null, null, null, null, null, null, null, null, null, null, null, null, null]}