{"train_loss": [4.1295077778877465, 3.1704491803405483, 2.77267832384197, 2.4270239970005982, 2.0767189942368676, 2.0398387553495003, 1.9109432680891194, 1.772368943472521, 1.7104790713808953, 1.5895000127477383, 1.5770369565815008, 1.5170247910219594, 1.5289652139768688, 1.6899115875226642, 1.6580995747802454, 1.4575059567022761, 1.5847659477400124, 1.4464059712689952, 1.40327974634433, 1.2929733040135936, 1.2756163032229888, 1.1926865104688418, 1.2674400653314153, 1.1246309231180665, 1.2200216935315262, 1.122499751115064, 1.2530480858382829, 1.244526693033516, 1.2692975680762475, 1.1708859265397449, 1.1278872932862798, 1.1259538823858313, 1.0782074665804522, 1.081809609854987, 1.0386500880805725, 0.99793970284112, 0.9280272899964533, 0.9589723457983874, 1.0163861472125446, 1.050489027839188, 1.0637270231312568, 1.0837272381016967, 1.0905214367656533, 1.0244022648815716, 0.9126036916304072, 0.9403355736798102, 0.92572482053293, 0.9126572988995718, 0.8632567451087707, 0.8899445397044541], "train_acc": [0.17072821100917432, 0.2570240825688073, 0.34977064220183485, 0.4139908256880734, 0.45656536697247707, 0.4763474770642202, 0.5425745412844036, 0.5172018348623854, 0.5504587155963303, 0.5395642201834863, 0.5752580275229358, 0.5579128440366973, 0.5616399082568807, 0.5117545871559633, 0.517631880733945, 0.5262327981651376, 0.5990538990825688, 0.5729644495412844, 0.5736811926605505, 0.6103784403669725, 0.6298738532110092, 0.5868692660550459, 0.6366112385321101, 0.583572247706422, 0.6530963302752294, 0.6432052752293578, 0.6318807339449541, 0.6055045871559633, 0.6356077981651376, 0.6816227064220184, 0.6303038990825688, 0.6563933486238532, 0.6601204128440367, 0.6268635321100917, 0.6208428899082569, 0.6876433486238532, 0.6548165137614679, 0.7204701834862385, 0.6939506880733946, 0.666427752293578, 0.6360378440366973, 0.6813360091743119, 0.6906536697247706, 0.6584002293577982, 0.6889334862385321, 0.6883600917431193, 0.6588302752293578, 0.6942373853211009, 0.7240538990825688, 0.7153096330275229], "val_clip_acc": [0.11316397228637413, 0.11316397228637413, 0.11547344110854503, 0.11547344110854503, 0.11547344110854503, 0.1489607390300231, 0.11547344110854503, 0.14434180138568128, 0.23325635103926096, 0.3233256351039261, 0.394919168591224, 0.4618937644341801, 0.5323325635103926, 0.6108545034642032, 0.663972286374134, 0.6824480369515011, 0.6997690531177829, 0.7055427251732102, 0.6951501154734411, 0.6916859122401847, 0.6893764434180139, 0.6882217090069284, 0.7090069284064665, 0.710161662817552, 0.707852193995381, 0.710161662817552, 0.710161662817552, 0.7090069284064665, 0.7159353348729792, 0.710161662817552, 0.7090069284064665, 0.7055427251732102, 0.7113163972286374, 0.7193995381062356, 0.7182448036951501, 0.7182448036951501, 0.7228637413394919, 0.7205542725173211, 0.7205542725173211, 0.7147806004618937, 0.7193995381062356, 0.7182448036951501, 0.7170900692840647, 0.7240184757505773, 0.7090069284064665, 0.7147806004618937, 0.7205542725173211, 0.7159353348729792, 0.7193995381062356, 0.7147806004618937]}