{"train_loss": [2.9020970808256656, 2.166039810268157, 1.9691979502319197, 1.7986079006020081, 1.6387034512441092, 1.5196408667695631, 1.4626906071234187, 1.379963285332426, 1.300553774068115, 1.299766982914111, 1.2732090042271744, 1.2811406183680263, 1.2409505138703443, 1.2628630787954418, 1.2451421503626972, 1.1973122090374657, 1.2222329410937949, 1.2021415944493146, 1.1593990183751517, 1.0118005860836135, 1.0655739969069804, 1.0229015990134773, 1.0396321087802223, 1.0205525362163508, 0.9390696970694655, 0.9838118487541828, 1.0943622178987626, 1.0491051460624834, 1.063854553830733, 1.0367061922309595, 1.0545642370477728, 1.0010686270687559, 0.9112134862930403, 0.9748948238311558, 0.8926819639468412, 0.9314316401787854, 0.9235459858671241, 0.8911541826134428, 0.882366515354279, 0.9803640798691216, 0.9804065222040229, 0.9331405392480553, 0.8794405564255671, 0.9753753056219958, 0.9553831028282096, 0.8215502052132143, 0.815543620684825, 0.8655621611743892, 0.8390883981087885, 0.8105367408433092], "train_acc": [0.15926032110091742, 0.2071387614678899, 0.27537270642201833, 0.3235378440366973, 0.3297018348623853, 0.38188073394495414, 0.42416857798165136, 0.45670871559633025, 0.478927752293578, 0.42416857798165136, 0.4730504587155963, 0.4521215596330275, 0.46545298165137616, 0.5147649082568807, 0.4518348623853211, 0.5011467889908257, 0.46688646788990823, 0.4946961009174312, 0.569954128440367, 0.5513188073394495, 0.5506020642201835, 0.5335435779816514, 0.5829988532110092, 0.5290997706422018, 0.6268635321100917, 0.5592029816513762, 0.4727637614678899, 0.5117545871559633, 0.5430045871559633, 0.5580561926605505, 0.5197821100917431, 0.5600630733944955, 0.5797018348623854, 0.5905963302752294, 0.5650802752293578, 0.5653669724770642, 0.5895928899082569, 0.5948967889908257, 0.5794151376146789, 0.549598623853211, 0.5603497706422018, 0.5778383027522935, 0.5571961009174312, 0.5557626146788991, 0.6192660550458715, 0.6179759174311926, 0.6353211009174312, 0.6215596330275229, 0.5877293577981652, 0.6397649082568807], "val_clip_acc": [0.11316397228637413, 0.11316397228637413, 0.11316397228637413, 0.11316397228637413, 0.11547344110854503, 0.11547344110854503, 0.11547344110854503, 0.11547344110854503, 0.1697459584295612, 0.23325635103926096, 0.3117782909930716, 0.4214780600461894, 0.49884526558891457, 0.5381062355658198, 0.5785219399538106, 0.6085450346420324, 0.6212471131639723, 0.6351039260969977, 0.6339491916859122, 0.6547344110854504, 0.684757505773672, 0.6905311778290993, 0.6939953810623557, 0.6928406466512702, 0.6986143187066974, 0.6974595842956121, 0.7032332563510393, 0.6928406466512702, 0.7043879907621247, 0.6997690531177829, 0.7182448036951501, 0.7193995381062356, 0.710161662817552, 0.7217090069284064, 0.7182448036951501, 0.7136258660508084, 0.710161662817552, 0.7147806004618937, 0.7136258660508084, 0.7124711316397229, 0.7170900692840647, 0.7217090069284064, 0.7193995381062356, 0.6974595842956121, 0.7043879907621247, 0.707852193995381, 0.7043879907621247, 0.7113163972286374, 0.7136258660508084, 0.7090069284064665]}