{"train_loss": [1.2218441421832513, 1.1636525283166028, 1.150429714163509, 1.1137995512113659, 1.1345986149726657, 1.034692206513991, 1.1088388091927275, 1.1125441570894434, 1.1513151067112564, 1.1536081400486307, 1.1282210678135582, 1.1086359029516168, 1.0685304228318941, 1.0258249328770768, 1.018627968950009, 1.0437378954449925, 1.0399181536578257, 1.076973800265461, 1.08453449962336, 1.0583921796684965], "train_acc": [0.7094323394495413, 0.6900802752293578, 0.7376720183486238, 0.7077121559633027, 0.7144495412844036, 0.6867832568807339, 0.661697247706422, 0.7221903669724771, 0.7014048165137615, 0.6933772935779816, 0.6866399082568807, 0.6844896788990825, 0.7141628440366973, 0.7153096330275229, 0.7042717889908257, 0.6672878440366973, 0.6697247706422018, 0.7141628440366973, 0.7022649082568807, 0.6890768348623854], "val_clip_acc": [0.6974595842956121, 0.6916859122401847, 0.687066974595843, 0.684757505773672, 0.6789838337182448, 0.6766743648960739, 0.6732101616628176, 0.6755196304849884, 0.6766743648960739, 0.6789838337182448, 0.6766743648960739, 0.6709006928406467, 0.6789838337182448, 0.6778290993071594, 0.6766743648960739, 0.6766743648960739, 0.6766743648960739, 0.6697459584295612, 0.6720554272517321, 0.6766743648960739]}