{"train_loss": [5.7042736477322045, 4.2091090944078235, 3.871392356024848, 3.5720147291819253, 3.4260807699627347, 3.275622910923428, 3.163850612110562, 3.0093795193566217, 2.9106026225619845, 2.8036806450949774, 2.6798153718312583, 2.5571808417638144, 2.4823335541619196, 2.4135214222802057, 2.298058350880941, 2.2704727715916104, 2.232399198744032, 2.1506156391567655, 2.1048361592822604, 2.0426863630612693, 2.01127592060301, 2.0214445061153836, 1.9981368051634893, 2.0196787118911743, 2.0309044652514987, 2.1589008304807873, 2.130084309313032, 2.083407872252994, 1.9257116119066875, 1.939077549510532, 1.858968522813585, 1.687783764468299, 1.6401549842622545, 1.6643768284055922, 1.5076433287726507, 1.4625060889456007, 1.3911721772617764, 1.3194940951135423, 1.3292989002333746, 1.2126266923215654, 1.17688450217247, 1.1055930190616183, 1.063311841752794, 1.0621525082323287, 1.0198131435447269, 1.0656685564253066, 1.0473409593105316, 1.0225576327906714, 1.0150527358055115, 1.0169701741801367, 1.1268065406216516, 1.1899884872966342, 1.0988987882932026, 1.0980035265286763, 1.0712120433648427, 0.9600620137320625, 0.9509321716096666, 0.8843392829100291, 0.8538568284776475, 0.7620431515905592, 0.7771572669347128, 0.7150751782788171, 0.696202943722407, 0.688243117597368, 0.6114927414390776, 0.566313268409835, 0.5322703139649497, 0.5207531435622109, 0.48943065769142574, 0.5325917088323169, 0.4945841299162971, 0.43187182645003, 0.47470472421911025, 0.4570825480752521, 0.4654904107252757, 0.5669931670029958, 0.551261670059628, 0.587259923418363, 0.6144391811556287, 0.5289421760373645, 0.45997602575355107, 0.47979186806413865, 0.42534536785549587, 0.41660795112450916, 0.4153820160362456, 0.34797439558638465, 0.3843488006128205, 0.28132887929677963, 0.28287283703684807, 0.27641942765977645, 0.24197203831540215, 0.23777919883529344, 0.25861339850558174, 0.19063104647729132, 0.195096702211433, 0.180054666267501, 0.21365682490997845, 0.1954883299767971, 0.16037606737679905, 0.17672547780805165], "train_acc": [0.027777777777777776, 0.0625, 0.07291666666666667, 0.11458333333333333, 0.12586805555555555, 0.14756944444444445, 0.1484375, 0.1875, 0.21180555555555555, 0.22135416666666666, 0.2508680555555556, 0.2942708333333333, 0.3012152777777778, 0.3368055555555556, 0.3532986111111111, 0.3532986111111111, 0.3793402777777778, 0.3914930555555556, 0.4296875, 0.4409722222222222, 0.4392361111111111, 0.4635416666666667, 0.4444444444444444, 0.4383680555555556, 0.4340277777777778, 0.4027777777777778, 0.3871527777777778, 0.4157986111111111, 0.4513888888888889, 0.4392361111111111, 0.4696180555555556, 0.5147569444444444, 0.5225694444444444, 0.5199652777777778, 0.5659722222222222, 0.5746527777777778, 0.6197916666666666, 0.6163194444444444, 0.6319444444444444, 0.6770833333333334, 0.6796875, 0.6996527777777778, 0.7309027777777778, 0.7022569444444444, 0.7248263888888888, 0.7083333333333334, 0.7213541666666666, 0.7178819444444444, 0.7335069444444444, 0.7222222222222222, 0.6875, 0.6519097222222222, 0.6822916666666666, 0.6822916666666666, 0.6857638888888888, 0.7213541666666666, 0.7387152777777778, 0.7517361111111112, 0.7534722222222222, 0.7890625, 0.7717013888888888, 0.8020833333333334, 0.8116319444444444, 0.8020833333333334, 0.8454861111111112, 0.859375, 0.8732638888888888, 0.8758680555555556, 0.8828125, 0.8663194444444444, 0.8888888888888888, 0.90625, 0.8862847222222222, 0.8940972222222222, 0.9001736111111112, 0.8550347222222222, 0.8532986111111112, 0.8420138888888888, 0.8211805555555556, 0.859375, 0.8776041666666666, 0.8671875, 0.8940972222222222, 0.8932291666666666, 0.8888888888888888, 0.9184027777777778, 0.9114583333333334, 0.9479166666666666, 0.9305555555555556, 0.9383680555555556, 0.953125, 0.9548611111111112, 0.9487847222222222, 0.9774305555555556, 0.9704861111111112, 0.9704861111111112, 0.9626736111111112, 0.9722222222222222, 0.9817708333333334, 0.9739583333333334], "val_clip_acc": [0.02, 0.02, 0.025, 0.0825, 0.1, 0.105, 0.115, 0.115, 0.14, 0.16, 0.1575, 0.1925, 0.185, 0.1975, 0.225, 0.21, 0.205, 0.215, 0.2175, 0.21, 0.225, 0.2275, 0.2325, 0.2275, 0.225, 0.225, 0.1925, 0.2075, 0.235, 0.2225, 0.22, 0.26, 0.26, 0.225, 0.245, 0.25, 0.26, 0.2625, 0.2625, 0.275, 0.2675, 0.275, 0.2725, 0.2775, 0.2975, 0.2775, 0.2875, 0.29, 0.285, 0.28, 0.265, 0.2675, 0.2625, 0.2825, 0.2525, 0.25, 0.1975, 0.3025, 0.2425, 0.275, 0.285, 0.2975, 0.305, 0.2925, 0.305, 0.3, 0.3, 0.2975, 0.3, 0.3, 0.305, 0.3025, 0.3075, 0.3175, 0.3125, 0.2725, 0.29, 0.285, 0.2825, 0.275, 0.285, 0.275, 0.2825, 0.305, 0.2975, 0.2975, 0.3075, 0.295, 0.3025, 0.3025, 0.3025, 0.3325, 0.32, 0.32, 0.3125, 0.315, 0.33, 0.3275, 0.32, 0.325]}