{"train_loss": [5.811416599485609, 4.5158398151397705, 4.099606659677294, 3.887315524948968, 3.693745427661472, 3.5885610580444336, 3.399771213531494, 3.3656782044304743, 3.207768758138021, 3.1558495495054455, 3.0701006650924683, 3.010185850991143, 2.901851693789164, 2.810310615433587, 2.7205115291807385, 2.6764263444476657, 2.583780712551541, 2.544103357526991, 2.5166755384869046, 2.459450271394518, 2.4275901979870267, 2.3668665753470526, 2.32843115594652, 2.317998515235053, 2.2970303429497614, 2.2365583181381226, 2.291581047905816, 2.2605344189537897, 2.244084808561537, 2.255746324857076, 2.376774344179365, 2.352290325694614, 2.3065749208132424, 2.258094847202301, 2.1439996825324164, 2.033896419737074, 2.036415378252665, 1.964416828420427, 1.9154008626937866, 1.8517124189270868, 1.816319723924001, 1.68154956234826, 1.6494466331270006, 1.614974511994256, 1.5714993675549824, 1.4992660482724507, 1.50938218832016, 1.5294485357072618, 1.4369659490055509, 1.364946789211697, 1.3755092819531758, 1.3683686587545607, 1.2931049995952182, 1.2969951298501756, 1.2935447494188945, 1.2577453619903989, 1.2634573380152385, 1.2722910642623901, 1.288704858885871, 1.2871897088156805, 1.4137859609391954, 1.3968112270037334, 1.413703461488088, 1.382179170846939, 1.3526943922042847, 1.3004622757434845, 1.2470310462845697, 1.2068961262702942, 1.192636854118771, 1.1776604917314317, 1.1442964805497065, 1.0979988409413233, 1.0770364304383595, 1.0135347710715399, 0.9598158167468177, 0.9628538886706034, 0.9726486272282071, 0.9167185525099436, 0.8713119957182143, 0.8552317884233263, 0.8998882373174032, 0.849630786312951, 0.8135925630728403, 0.797782689332962, 0.8403406374984317, 0.8078411387072669, 0.8274183902475569, 0.8176511228084564, 0.8165375226073794, 0.787346320019828, 0.9213432239161597, 0.945188906457689, 0.9974288907315996, 0.9321982198291354, 0.8523822956615024, 0.8840587768289778, 0.8268653220600553, 0.8709698783026801, 0.7878896527820163, 0.7826516131560007, 0.7846705979771085, 0.7754594650533464, 0.7480310863918729, 0.674674489431911, 0.7404921717113919, 0.6697541773319244, 0.6323603391647339, 0.6414524349901412, 0.6318454609976875, 0.6221595538987054, 0.6229154566923777, 0.5997874786456426, 0.6130927635563744, 0.601531359884474, 0.5744480937719345, 0.5635859933164384, 0.5926668875747256, 0.5832377539740669, 0.5879195564323001, 0.5781843761603037], "train_acc": [0.026041666666666668, 0.049479166666666664, 0.07291666666666667, 0.08246527777777778, 0.09722222222222222, 0.10069444444444445, 0.13194444444444445, 0.1345486111111111, 0.1440972222222222, 0.1684027777777778, 0.18055555555555555, 0.18836805555555555, 0.1987847222222222, 0.24479166666666666, 0.2708333333333333, 0.2690972222222222, 0.3116319444444444, 0.2942708333333333, 0.3116319444444444, 0.3307291666666667, 0.3289930555555556, 0.3541666666666667, 0.3454861111111111, 0.3611111111111111, 0.3715277777777778, 0.3932291666666667, 0.3697916666666667, 0.3819444444444444, 0.4123263888888889, 0.3923611111111111, 0.3394097222222222, 0.3515625, 0.3671875, 0.3689236111111111, 0.4088541666666667, 0.4331597222222222, 0.4383680555555556, 0.4453125, 0.4713541666666667, 0.4991319444444444, 0.4982638888888889, 0.5477430555555556, 0.5546875, 0.5607638888888888, 0.5737847222222222, 0.5885416666666666, 0.59375, 0.5920138888888888, 0.6145833333333334, 0.6362847222222222, 0.640625, 0.6449652777777778, 0.6657986111111112, 0.671875, 0.6779513888888888, 0.6701388888888888, 0.6684027777777778, 0.6770833333333334, 0.6744791666666666, 0.6631944444444444, 0.6128472222222222, 0.6258680555555556, 0.6102430555555556, 0.6293402777777778, 0.6501736111111112, 0.6458333333333334, 0.6666666666666666, 0.6822916666666666, 0.6961805555555556, 0.7039930555555556, 0.7248263888888888, 0.7256944444444444, 0.7265625, 0.7482638888888888, 0.7725694444444444, 0.7595486111111112, 0.7769097222222222, 0.7829861111111112, 0.8151041666666666, 0.8177083333333334, 0.7907986111111112, 0.8194444444444444, 0.8359375, 0.8315972222222222, 0.8229166666666666, 0.8376736111111112, 0.8255208333333334, 0.8298611111111112, 0.8342013888888888, 0.8368055555555556, 0.7881944444444444, 0.765625, 0.7534722222222222, 0.7786458333333334, 0.7994791666666666, 0.8020833333333334, 0.8220486111111112, 0.7960069444444444, 0.8359375, 0.8359375, 0.8368055555555556, 0.8376736111111112, 0.8559027777777778, 0.8697916666666666, 0.8454861111111112, 0.8767361111111112, 0.8862847222222222, 0.8880208333333334, 0.8854166666666666, 0.8932291666666666, 0.8923611111111112, 0.9079861111111112, 0.9071180555555556, 0.8932291666666666, 0.9149305555555556, 0.9114583333333334, 0.9045138888888888, 0.9140625, 0.90625, 0.9071180555555556], "val_clip_acc": [0.02, 0.02, 0.0125, 0.0775, 0.0925, 0.11, 0.1375, 0.145, 0.1425, 0.175, 0.1775, 0.1825, 0.1675, 0.205, 0.205, 0.23, 0.24, 0.2375, 0.245, 0.2425, 0.2725, 0.2525, 0.27, 0.2725, 0.26, 0.26, 0.28, 0.2775, 0.27, 0.27, 0.28, 0.255, 0.1525, 0.2775, 0.2825, 0.275, 0.29, 0.1925, 0.2875, 0.305, 0.3075, 0.3325, 0.3425, 0.35, 0.3425, 0.365, 0.3425, 0.3725, 0.3825, 0.365, 0.38, 0.3875, 0.3725, 0.3725, 0.39, 0.3875, 0.3825, 0.3875, 0.3925, 0.39, 0.3375, 0.3325, 0.37, 0.365, 0.35, 0.325, 0.375, 0.2425, 0.395, 0.3975, 0.42, 0.385, 0.4275, 0.42, 0.4275, 0.4275, 0.4075, 0.4, 0.375, 0.4125, 0.425, 0.425, 0.4075, 0.4125, 0.425, 0.425, 0.42, 0.4225, 0.43, 0.42, 0.4125, 0.305, 0.3875, 0.435, 0.4075, 0.4075, 0.43, 0.43, 0.43, 0.4325, 0.4275, 0.34, 0.4375, 0.43, 0.44, 0.42, 0.4425, 0.4375, 0.4775, 0.4525, 0.46, 0.465, 0.465, 0.48, 0.47, 0.475, 0.4625, 0.455, 0.4625, 0.455]}