{"train_loss": [3.580287289619446, 2.564048671722412, 2.186782884597778, 1.889997661113739, 1.719049882888794, 1.6282898545265199, 1.689174437522888, 1.5340612530708313, 1.5385930061340332, 1.3124707639217377, 1.3107813119888305, 1.250715184211731, 1.266127163171768, 1.289604163169861, 1.2392436027526856, 1.1816165566444397, 1.1557999074459075, 1.17621768116951, 1.0680115461349486, 1.1243042826652527, 1.0147059261798859, 1.1204275906085968, 1.0320480406284331, 1.1080536007881165, 0.9622193992137908, 0.9763490259647369, 0.9906237065792084, 0.9823065400123596, 0.9519216537475585, 0.9914887428283692, 1.080992478132248, 1.0797114849090577, 1.15338334441185, 0.9627798020839691, 1.0678874671459198, 1.0903929710388183, 0.8996213614940644, 0.9423566639423371, 0.9282292366027832, 0.9015092253684998, 0.845762026309967, 0.815554004907608, 0.8466647028923034, 0.7783770263195038, 0.8075245022773743, 0.7841943621635437, 0.755534040927887, 0.7626279294490814, 0.7691782951354981, 0.7482164621353149, 0.7559974670410157, 0.6706368058919907, 0.6219980239868164, 0.670189517736435, 0.5825451701879502, 0.7230043768882751, 0.6049210131168365, 0.6510758578777314, 0.595745587348938, 0.6755422472953796, 0.6238122880458832, 0.6824849367141723, 0.6501216411590576, 0.640510556101799, 0.6942890107631683, 0.6647915840148926, 0.6446051448583603, 0.741111409664154, 0.6406962633132934, 0.6187439769506454, 0.6482434719800949, 0.676227268576622, 0.5990089029073715, 0.554486659169197, 0.5115742087364197, 0.5394722670316696, 0.5458451747894287, 0.5352330774068832, 0.5270311713218689, 0.5727572619915009, 0.49946795403957367, 0.5129307746887207, 0.44042819142341616, 0.4669808268547058, 0.49872229993343353, 0.4794619917869568, 0.4222872734069824, 0.44682975113391876, 0.45242056250572205, 0.5243769347667694, 0.43163413405418394, 0.44298380613327026, 0.5074169903993606, 0.5246058493852616, 0.4692541152238846, 0.5344609797000885, 0.47579322159290316, 0.46878540217876435, 0.4717791050672531, 0.4762813001871109, 0.4728968977928162, 0.447266685962677, 0.5167612195014953, 0.4119820147752762, 0.39892989993095396, 0.3835820883512497, 0.4178402364253998, 0.45899889469146726, 0.4460601955652237, 0.42099082171916963, 0.4029745876789093, 0.4330303221940994, 0.38936627507209776, 0.3739921674132347, 0.40726542472839355, 0.32594478130340576, 0.35325054824352264, 0.36319169104099275, 0.3426071316003799, 0.38853402733802794], "train_acc": [0.109375, 0.275, 0.371875, 0.39375, 0.421875, 0.45, 0.434375, 0.5125, 0.459375, 0.55625, 0.55, 0.6, 0.58125, 0.571875, 0.56875, 0.625, 0.60625, 0.59375, 0.64375, 0.640625, 0.65625, 0.621875, 0.653125, 0.61875, 0.68125, 0.66875, 0.678125, 0.659375, 0.653125, 0.6875, 0.65, 0.640625, 0.646875, 0.678125, 0.66875, 0.671875, 0.690625, 0.715625, 0.73125, 0.721875, 0.709375, 0.75, 0.721875, 0.7625, 0.728125, 0.790625, 0.7875, 0.7625, 0.75625, 0.76875, 0.759375, 0.790625, 0.84375, 0.775, 0.828125, 0.778125, 0.85625, 0.796875, 0.8375, 0.83125, 0.840625, 0.80625, 0.803125, 0.81875, 0.8, 0.83125, 0.8375, 0.8125, 0.8375, 0.8125, 0.821875, 0.809375, 0.825, 0.84375, 0.884375, 0.865625, 0.8625, 0.8875, 0.84375, 0.859375, 0.884375, 0.865625, 0.90625, 0.89375, 0.896875, 0.884375, 0.909375, 0.896875, 0.89375, 0.8875, 0.90625, 0.9, 0.884375, 0.853125, 0.8875, 0.8625, 0.89375, 0.89375, 0.896875, 0.878125, 0.884375, 0.9, 0.90625, 0.925, 0.925, 0.940625, 0.91875, 0.9125, 0.90625, 0.9125, 0.928125, 0.915625, 0.925, 0.94375, 0.921875, 0.9375, 0.940625, 0.940625, 0.95625, 0.921875], "val_clip_acc": [null, null, null, null, null, null, null, null, null, null, null, null, null, null, null, null, null, null, null, null, null, null, null, null, null, null, null, null, null, null, null, null, null, null, null, null, null, null, null, null, null, null, null, null, null, null, null, null, null, null, null, null, null, null, null, null, null, null, null, null, null, null, null, null, null, null, null, null, null, null, null, null, null, null, null, null, null, null, null, null, null, null, null, null, null, null, null, null, null, null, null, null, null, null, null, null, null, null, null, null, null, null, null, null, null, null, null, null, null, null, null, null, null, null, null, null, null, null, null, null]}