{"train_loss": [2.91023830317576, 2.206340479194571, 1.8893723662840116, 1.6640347668883997, 1.5210576724568639, 1.4363268832547949, 1.400088350707238, 1.3266587098804088, 1.2392740626947596, 1.2039973555354897, 1.1574672974577738, 1.2218879428478555, 1.1629923155548376, 1.254614629876723, 1.2618760723586475, 1.202913491004104, 1.11581200415935, 1.189016215298154, 1.1466040972175948, 1.07359431369589, 0.9427289716694334, 1.02658291639538, 0.943501345061381, 0.9066033707846195, 0.8947634576657496, 0.9407386041562492, 1.0454898640650128, 1.0297243305302541, 1.0093680363182629, 0.9996460758217978, 0.9389670338105718, 0.891842656999553, 0.9654827719434685, 0.8912431545760653, 0.8708704010062261, 0.8506145212081594, 0.8374996168897786, 0.7771847967160951, 0.8558499534195716, 0.9207820104896476, 0.9339941504898421, 0.8836299533690881, 0.9965079120539744, 0.9172209290736312, 0.8373644015657793, 0.8797814930797717, 0.7797526927716142, 0.8247637644820257, 0.7929300367832184, 0.7760341058083631], "train_acc": [0.14435206422018348, 0.22305045871559634, 0.3103497706422018, 0.349197247706422, 0.39076834862385323, 0.42846903669724773, 0.4215883027522936, 0.44065366972477066, 0.4766341743119266, 0.4922591743119266, 0.4832282110091743, 0.4518348623853211, 0.48910550458715596, 0.46860665137614677, 0.4938360091743119, 0.5245126146788991, 0.5474483944954128, 0.5151949541284404, 0.4989965596330275, 0.5769782110091743, 0.5375573394495413, 0.5534690366972477, 0.6278669724770642, 0.614822247706422, 0.5256594036697247, 0.5498853211009175, 0.525802752293578, 0.5323967889908257, 0.5698107798165137, 0.5665137614678899, 0.5616399082568807, 0.5450114678899083, 0.5709575688073395, 0.5913130733944955, 0.5422878440366973, 0.5946100917431193, 0.6049311926605505, 0.6376146788990825, 0.6208428899082569, 0.6303038990825688, 0.5537557339449541, 0.5997706422018348, 0.5732511467889908, 0.5898795871559633, 0.5977637614678899, 0.6251433486238532, 0.59375, 0.5881594036697247, 0.6000573394495413, 0.6325974770642202], "val_clip_acc": [0.11316397228637413, 0.11316397228637413, 0.11316397228637413, 0.11547344110854503, 0.11547344110854503, 0.11547344110854503, 0.11547344110854503, 0.16628175519630484, 0.21247113163972287, 0.3083140877598152, 0.4122401847575058, 0.4884526558891455, 0.5866050808314087, 0.6397228637413395, 0.6697459584295612, 0.6859122401847575, 0.6963048498845266, 0.7009237875288684, 0.6997690531177829, 0.7055427251732102, 0.7009237875288684, 0.7009237875288684, 0.7043879907621247, 0.710161662817552, 0.7066974595842956, 0.7043879907621247, 0.6997690531177829, 0.7009237875288684, 0.707852193995381, 0.6974595842956121, 0.6997690531177829, 0.6963048498845266, 0.6986143187066974, 0.6928406466512702, 0.6974595842956121, 0.7055427251732102, 0.7066974595842956, 0.7090069284064665, 0.7090069284064665, 0.6963048498845266, 0.6905311778290993, 0.6882217090069284, 0.6882217090069284, 0.6939953810623557, 0.6963048498845266, 0.6997690531177829, 0.7066974595842956, 0.710161662817552, 0.7020785219399538, 0.7009237875288684]}