{"train_loss": [4.010424307414463, 2.8181235109056746, 2.350264923913138, 2.1508781739643643, 1.8271944693156652, 1.837353961808341, 1.6817135640553065, 1.5011415140969413, 1.6966173819133215, 1.4992346593311854, 1.446215467793601, 1.3509650145258223, 1.3970228263310023, 1.209649281842368, 1.2400710667882646, 1.0245906029428755, 1.221937622342791, 1.2206746680395943, 1.1107601097651891, 0.9673754317419869, 1.0481972779546465, 0.9920517631939479, 0.9669409479413714, 1.0212735533714294, 0.9351679938180106, 0.9108392085347857, 0.9428384474345616, 0.9551044447081429, 0.9693236436162677, 1.0372200437954493, 1.1200430989265442, 1.1436533842767989, 0.9683686579976764, 0.9999492594173977, 0.9707681451525006, 1.1082980377333504, 0.7963395885058812, 0.9206198453903198, 0.802952596119472, 0.8363506027630397, 0.8195739984512329, 0.7632486564772469, 0.736854978970119, 0.8156956263950893, 0.8208745973450797, 0.7596558843340192, 0.8793807540621076, 0.7720432026045663, 0.7376607315880912, 0.684794408934457, 0.713434602533068, 0.6204895632607597, 0.6301929524966648, 0.6934287462915693, 0.6799319982528687, 0.6085460100855146, 0.6143990329333714, 0.6778424041611808, 0.6445637387888772, 0.7655572933810098, 0.656451301915305, 0.6659782614026751, 0.5653539044516427, 0.6176190802029201, 0.7162180159773145, 0.7082469420773643, 0.7038739664213998, 0.6072850397654942, 0.6077596800667899, 0.641770235129765, 0.706872284412384, 0.6646338318075452, 0.5534512102603912, 0.5923710337706974, 0.6225040171827588, 0.5657767483166286, 0.5435529947280884, 0.6335199219839913, 0.4939043053558895, 0.564310359103339, 0.497182024376733, 0.5057117470673153, 0.4606022323880877, 0.5330165794917515, 0.508761580501284, 0.5898530312946865, 0.4492925192628588, 0.573779319013868, 0.5167930509362902, 0.5485771383558001, 0.4961965892996107, 0.5578636612210955, 0.4602260845048087, 0.5638988060610635, 0.5549234662737165, 0.5160177307469505, 0.4851414518696921, 0.479375102690288, 0.5991369571004596, 0.5902810650212424, 0.49158862233161926, 0.4657830468245915, 0.4651416029248919, 0.5243150506700788, 0.44920811908585684, 0.48740579400743755, 0.44524786727769033, 0.4429674872330257, 0.540086988891874, 0.43455074088914053, 0.45672128030232023, 0.4277389134679522, 0.43400039843150545, 0.4802381524017879, 0.45807716250419617, 0.43147010036877226, 0.3729222672326224, 0.4547561832836696, 0.44229340979031156, 0.40028833065714153], "train_acc": [0.08035714285714286, 0.20089285714285715, 0.29910714285714285, 0.3705357142857143, 0.44642857142857145, 0.375, 0.46875, 0.5401785714285714, 0.45535714285714285, 0.53125, 0.5446428571428571, 0.6071428571428571, 0.5178571428571429, 0.5848214285714286, 0.6160714285714286, 0.6517857142857143, 0.6160714285714286, 0.5848214285714286, 0.5892857142857143, 0.6919642857142857, 0.6160714285714286, 0.6875, 0.7276785714285714, 0.6875, 0.7008928571428571, 0.7008928571428571, 0.7589285714285714, 0.7410714285714286, 0.6696428571428571, 0.6696428571428571, 0.59375, 0.6517857142857143, 0.6741071428571429, 0.7098214285714286, 0.6964285714285714, 0.65625, 0.71875, 0.7232142857142857, 0.7946428571428571, 0.7589285714285714, 0.71875, 0.7633928571428571, 0.78125, 0.7723214285714286, 0.7678571428571429, 0.7589285714285714, 0.7544642857142857, 0.7857142857142857, 0.7767857142857143, 0.8214285714285714, 0.8080357142857143, 0.8526785714285714, 0.8080357142857143, 0.7767857142857143, 0.7991071428571429, 0.8303571428571429, 0.84375, 0.8080357142857143, 0.8392857142857143, 0.8035714285714286, 0.8080357142857143, 0.8169642857142857, 0.84375, 0.8392857142857143, 0.8080357142857143, 0.7901785714285714, 0.7991071428571429, 0.8482142857142857, 0.8482142857142857, 0.8303571428571429, 0.8035714285714286, 0.8080357142857143, 0.8705357142857143, 0.8482142857142857, 0.84375, 0.875, 0.8660714285714286, 0.8348214285714286, 0.875, 0.875, 0.8928571428571429, 0.8883928571428571, 0.9017857142857143, 0.8616071428571429, 0.8660714285714286, 0.8571428571428571, 0.8928571428571429, 0.8482142857142857, 0.875, 0.8928571428571429, 0.8660714285714286, 0.8482142857142857, 0.8839285714285714, 0.8169642857142857, 0.84375, 0.8616071428571429, 0.8839285714285714, 0.875, 0.8392857142857143, 0.84375, 0.875, 0.9017857142857143, 0.8526785714285714, 0.8883928571428571, 0.9017857142857143, 0.875, 0.8883928571428571, 0.8973214285714286, 0.8526785714285714, 0.90625, 0.9196428571428571, 0.9107142857142857, 0.90625, 0.8883928571428571, 0.8973214285714286, 0.9196428571428571, 0.9330357142857143, 0.875, 0.9151785714285714, 0.9151785714285714], "val_clip_acc": [0.1, 0.1, 0.1, 0.1, 0.1, 0.1, 0.1, 0.1125, 0.2125, 0.4125, 0.475, 0.5, 0.575, 0.5, 0.55, 0.575, 0.55, 0.5125, 0.5, 0.5375, 0.525, 0.5375, 0.5375, 0.5125, 0.5125, 0.5125, 0.525, 0.5125, 0.5125, 0.5125, 0.5125, 0.5625, 0.525, 0.525, 0.5875, 0.55, 0.5875, 0.5375, 0.5875, 0.575, 0.5375, 0.55, 0.575, 0.5875, 0.5125, 0.5625, 0.575, 0.6, 0.5625, 0.65, 0.6375, 0.575, 0.575, 0.5375, 0.5625, 0.5625, 0.575, 0.5875, 0.5625, 0.575, 0.575, 0.5125, 0.575, 0.6, 0.575, 0.5875, 0.6125, 0.5625, 0.6375, 0.625, 0.5875, 0.6125, 0.6375, 0.6125, 0.6, 0.6, 0.65, 0.6125, 0.5875, 0.625, 0.65, 0.625, 0.625, 0.65, 0.6375, 0.6625, 0.65, 0.65, 0.65, 0.6375, 0.625, 0.5875, 0.575, 0.625, 0.625, 0.675, 0.5875, 0.625, 0.6375, 0.6125, 0.625, 0.65, 0.6625, 0.65, 0.65, 0.6125, 0.65, 0.6625, 0.6625, 0.6625, 0.6625, 0.675, 0.7, 0.6875, 0.7, 0.7, 0.6875, 0.6875, 0.675, 0.675]}