{"train_loss": [3.481319761276245, 2.4420955419540404, 2.280286991596222, 1.807669174671173, 1.8080692768096924, 1.737482750415802, 1.5303465962409972, 1.561577844619751, 1.4399364352226258, 1.270625352859497, 1.437903141975403, 1.3406325936317445, 1.212393468618393, 1.1747102916240693, 1.167998445034027, 1.1084731757640838, 1.1437970995903015, 1.083337014913559, 1.1159480214118958, 1.1160128116607666, 1.0123398005962372, 1.0688316643238067, 0.9332575380802155, 0.9947598218917847, 0.956009691953659, 0.903730434179306, 0.9561087906360626, 0.9813780188560486, 0.921267694234848, 0.9224669456481933, 1.022031730413437, 0.9731172978878021, 1.0838882803916932, 0.9615443825721741, 1.0823720157146455, 0.9900220692157745, 0.9469021141529084, 0.9951888918876648, 0.9042952060699463, 0.8170231342315674, 0.7715315759181977, 0.7787394821643829, 0.7847255885601043, 0.7596786826848984, 0.7387028276920319, 0.7140800595283509, 0.7502543807029725, 0.6933171808719635, 0.6494320809841156, 0.7823170065879822, 0.6393733561038971, 0.6427397966384888, 0.6250791937112808, 0.6707110166549682, 0.6942523300647736, 0.6130233883857727, 0.6194029539823532, 0.5622037649154663, 0.5985325396060943, 0.5821552157402039, 0.5549002915620804, 0.7278491795063019, 0.6854786932468414, 0.5873785585165023, 0.6622354805469512, 0.6859291285276413, 0.647087812423706, 0.6272684812545777, 0.6757614731788635, 0.5413469165563584, 0.5634112626314163, 0.5820563971996308, 0.5748416721820832, 0.4895552724599838, 0.5281425595283509, 0.5553297281265259, 0.5527259081602096, 0.511528941988945, 0.5039654850959778, 0.5089625865221024, 0.4797303766012192, 0.4362212300300598, 0.4313045650720596, 0.4682255953550339, 0.44778089225292206, 0.4311073273420334, 0.3880304306745529, 0.4910900145769119, 0.38957605361938474, 0.432515025138855, 0.44823806583881376, 0.47139930427074433, 0.5314909636974334, 0.49196384847164154, 0.5250778585672379, 0.4792909979820251, 0.4374823749065399, 0.4763129770755768, 0.4694316893815994, 0.5004171699285507, 0.43940452933311464, 0.4379287540912628, 0.4747630089521408, 0.4166755884885788, 0.44013469815254214, 0.3994369298219681, 0.3480214297771454, 0.40717062056064607, 0.38321845829486845, 0.35356985926628115, 0.3609743744134903, 0.4109214723110199, 0.3827515453100204, 0.3961855977773666, 0.42071549892425536, 0.3571210727095604, 0.33889287412166597, 0.327982097864151, 0.35653902888298034, 0.3558814138174057], "train_acc": [0.11875, 0.29375, 0.334375, 0.421875, 0.396875, 0.45, 0.484375, 0.48125, 0.496875, 0.5875, 0.559375, 0.5625, 0.596875, 0.640625, 0.58125, 0.625, 0.625, 0.640625, 0.6375, 0.653125, 0.640625, 0.6375, 0.73125, 0.69375, 0.68125, 0.690625, 0.7125, 0.7, 0.696875, 0.70625, 0.68125, 0.675, 0.659375, 0.7, 0.675, 0.675, 0.684375, 0.703125, 0.69375, 0.740625, 0.7875, 0.76875, 0.778125, 0.78125, 0.778125, 0.79375, 0.79375, 0.809375, 0.803125, 0.809375, 0.821875, 0.815625, 0.846875, 0.8, 0.821875, 0.83125, 0.8375, 0.840625, 0.85, 0.840625, 0.846875, 0.7625, 0.815625, 0.834375, 0.815625, 0.83125, 0.815625, 0.815625, 0.8125, 0.840625, 0.865625, 0.8375, 0.8375, 0.890625, 0.853125, 0.859375, 0.871875, 0.85, 0.871875, 0.8875, 0.896875, 0.903125, 0.89375, 0.903125, 0.89375, 0.9125, 0.9375, 0.89375, 0.928125, 0.90625, 0.9, 0.88125, 0.875, 0.878125, 0.903125, 0.896875, 0.9, 0.890625, 0.890625, 0.88125, 0.90625, 0.903125, 0.884375, 0.91875, 0.89375, 0.925, 0.934375, 0.934375, 0.925, 0.934375, 0.928125, 0.928125, 0.9375, 0.921875, 0.903125, 0.928125, 0.934375, 0.9375, 0.940625, 0.9125], "val_clip_acc": [null, null, null, null, null, null, null, null, null, null, null, null, null, null, null, null, null, null, null, null, null, null, null, null, null, null, null, null, null, null, null, null, null, null, null, null, null, null, null, null, null, null, null, null, null, null, null, null, null, null, null, null, null, null, null, null, null, null, null, null, null, null, null, null, null, null, null, null, null, null, null, null, null, null, null, null, null, null, null, null, null, null, null, null, null, null, null, null, null, null, null, null, null, null, null, null, null, null, null, null, null, null, null, null, null, null, null, null, null, null, null, null, null, null, null, null, null, null, null, null]}