{"train_loss": [3.2914303143819175, 2.4487835433748035, 2.1126828061209784, 1.8834434096459989, 1.7426556061815333, 1.6433947229826893, 1.5846867815211967, 1.5178581956360075, 1.4874975918619722, 1.4854187700483534, 1.3654115636039663, 1.4081131600671344, 1.3879389486930989, 1.4840146098975782, 1.450198793300876, 1.4175188066782776, 1.348937056682728, 1.2899528703203909, 1.3378681832993473, 1.1972891875991114, 1.1787716050942738, 1.2447204496021624, 1.1539892554283142, 1.1084942994294342, 1.1167636182573106, 1.1528263428696879, 1.2241962171263165, 1.2267244927309178, 1.2693494894990214, 1.1984712095172316, 1.1568746627480895, 1.0898033954479076, 1.1160955947858315, 1.1232453672974199, 1.0393566643750225, 0.9823701453429682, 1.0673981077141232, 0.9290183390732165, 0.9886354125208325, 1.0883241224068183, 1.0747484459921166, 1.091244281442077, 1.0648243289302897, 1.0552259995429605, 1.0134665954996038, 1.0223978520543486, 1.008582298402433, 0.8792111536970845, 0.9622158198444931, 0.978937589459949], "train_acc": [0.15321180555555555, 0.2087673611111111, 0.2942708333333333, 0.35923032407407407, 0.3761574074074074, 0.42607060185185186, 0.42086226851851855, 0.45703125, 0.4696180555555556, 0.48451967592592593, 0.48842592592592593, 0.48061342592592593, 0.5049189814814815, 0.45804398148148145, 0.45023148148148145, 0.4291087962962963, 0.5072337962962963, 0.5027488425925926, 0.5127314814814815, 0.4995659722222222, 0.5519386574074074, 0.5635127314814815, 0.5373263888888888, 0.5727719907407407, 0.6263020833333334, 0.5678530092592593, 0.5201099537037037, 0.5151909722222222, 0.5353009259259259, 0.5311053240740741, 0.5374710648148148, 0.5098379629629629, 0.6245659722222222, 0.5671296296296297, 0.5730613425925926, 0.5797164351851852, 0.6200810185185185, 0.5837673611111112, 0.6001157407407407, 0.5603298611111112, 0.5734953703703703, 0.5412326388888888, 0.5671296296296297, 0.6135706018518519, 0.5808738425925926, 0.5572916666666666, 0.5418113425925926, 0.5836226851851852, 0.6199363425925926, 0.58203125], "val_clip_acc": [0.11261261261261261, 0.11261261261261261, 0.13513513513513514, 0.13513513513513514, 0.13513513513513514, 0.10247747747747747, 0.11261261261261261, 0.11373873873873874, 0.1891891891891892, 0.21621621621621623, 0.30405405405405406, 0.36599099099099097, 0.4099099099099099, 0.44256756756756754, 0.46283783783783783, 0.47635135135135137, 0.4966216216216216, 0.5180180180180181, 0.5315315315315315, 0.5337837837837838, 0.543918918918919, 0.543918918918919, 0.5484234234234234, 0.5540540540540541, 0.5563063063063063, 0.5551801801801802, 0.5596846846846847, 0.5709459459459459, 0.5731981981981982, 0.5765765765765766, 0.5653153153153153, 0.5619369369369369, 0.5630630630630631, 0.5686936936936937, 0.5743243243243243, 0.579954954954955, 0.5844594594594594, 0.5844594594594594, 0.5912162162162162, 0.5788288288288288, 0.5777027027027027, 0.5855855855855856, 0.579954954954955, 0.5844594594594594, 0.588963963963964, 0.5900900900900901, 0.5912162162162162, 0.5923423423423423, 0.5957207207207207, 0.5923423423423423]}