{"train_loss": [6.634648084640503, 5.050032138824463, 4.38749885559082, 4.032061007287767, 3.815139571825663, 3.6253869268629284, 3.537301090028551, 3.3069393237431846, 3.3723603619469538, 3.2089573277367487, 3.188866800732083, 3.169721841812134, 3.2057856453789606, 3.195965382787916, 3.1578709019554987, 3.2242920531166925, 2.988676004939609, 2.986007160610623, 2.7686474720637, 2.5495733287599354, 2.635222249560886, 2.698300388124254, 2.374285936355591, 2.6356017324659557, 2.5550151003731623, 2.505476560857561, 2.4451343946986728, 2.5122457014189825, 2.592447360356649, 2.4844710098372564, 2.4015757110383777, 2.2469658056894937, 2.1914486951298184, 2.4732660253842673, 2.322922613885668, 2.1611902051501803, 2.035067876180013, 2.016704910331302, 2.1081801454226174, 1.933656805091434, 2.3522015081511602, 2.314185235235426, 2.244636125034756, 2.075859122806125, 1.8382919828097026, 1.8876011504067316, 1.8198508752716913, 2.010339034928216, 1.5028817653656006, 1.7911792198816936], "train_acc": [0.024305555555555556, 0.044270833333333336, 0.04774305555555555, 0.05381944444444445, 0.0625, 0.1154513888888889, 0.09722222222222222, 0.1362847222222222, 0.11371527777777778, 0.14149305555555555, 0.1284722222222222, 0.1440972222222222, 0.1527777777777778, 0.0998263888888889, 0.14583333333333334, 0.12760416666666666, 0.15538194444444445, 0.140625, 0.2065972222222222, 0.2586805555555556, 0.1840277777777778, 0.2708333333333333, 0.3125, 0.24739583333333334, 0.2569444444444444, 0.2534722222222222, 0.19270833333333334, 0.2708333333333333, 0.3350694444444444, 0.3559027777777778, 0.3611111111111111, 0.2647569444444444, 0.3064236111111111, 0.2456597222222222, 0.3029513888888889, 0.3142361111111111, 0.3532986111111111, 0.3524305555555556, 0.3663194444444444, 0.4583333333333333, 0.2855902777777778, 0.3854166666666667, 0.3454861111111111, 0.4027777777777778, 0.4444444444444444, 0.4348958333333333, 0.484375, 0.4236111111111111, 0.4461805555555556, 0.4592013888888889], "val_clip_acc": [0.02, 0.02, 0.02, 0.02, 0.02, 0.02, 0.02, 0.02, 0.02, 0.02, 0.02, 0.02, 0.02, 0.02, 0.02, 0.02, 0.02, 0.02, 0.02, 0.02, 0.02, 0.02, 0.02, 0.02, 0.02, 0.02, 0.02, 0.02, 0.02, 0.02, 0.02, 0.02, 0.02, 0.02, 0.02, 0.02, 0.02, 0.02, 0.02, 0.02, 0.02, 0.02, 0.02, 0.02, 0.02, 0.025, 0.02, 0.02, 0.02, 0.02]}