{
  "fold": 2,
  "val_fold": 3,
  "epochs": 200,
  "cycles": 4,
  "seed": 83,
  "loss_type": "crossentropy",
  "config_path": "configs/reproduce_crossentropy.json",
  "git_commit": "d77d5d7bb65b5eeff57843417051a889a6cfd2fe",
  "best_val_clip_acc": 0.5351351351351351,
  "test_acc_best_val_model": 0.5135135135135135,
  "test_acc_last_snapshot": 0.5146396396396397,
  "test_acc_ensemble": 0.5191441441441441
}